new_name,source,series_folder,original_file,page_idx
newdata__000_a_delivery_driver_whose_mind_is_harder_t__p01.jpg,newdata,A delivery driver whose mind is harder than his body,1.jpg,1
newdata__000_a_delivery_driver_whose_mind_is_harder_t__p02.jpg,newdata,A delivery driver whose mind is harder than his body,2.jpg,2
newdata__000_a_delivery_driver_whose_mind_is_harder_t__p03.jpg,newdata,A delivery driver whose mind is harder than his body,3.jpg,3
newdata__000_a_delivery_driver_whose_mind_is_harder_t__p04.jpg,newdata,A delivery driver whose mind is harder than his body,4.jpg,4
newdata__000_a_delivery_driver_whose_mind_is_harder_t__p05.jpg,newdata,A delivery driver whose mind is harder than his body,5.jpg,5
newdata__000_a_delivery_driver_whose_mind_is_harder_t__p06.jpg,newdata,A delivery driver whose mind is harder than his body,6.jpg,6
newdata__000_a_delivery_driver_whose_mind_is_harder_t__p07.jpg,newdata,A delivery driver whose mind is harder than his body,7.jpg,7
newdata__000_a_delivery_driver_whose_mind_is_harder_t__p08.jpg,newdata,A delivery driver whose mind is harder than his body,8.jpg,8
newdata__000_a_delivery_driver_whose_mind_is_harder_t__p09.jpg,newdata,A delivery driver whose mind is harder than his body,9.jpg,9
newdata__000_a_delivery_driver_whose_mind_is_harder_t__p10.jpg,newdata,A delivery driver whose mind is harder than his body,10.jpg,10
newdata__001_alpha_generation_exploration_life__p01.jpg,newdata,Alpha Generation Exploration Life,1.jpg,1
newdata__001_alpha_generation_exploration_life__p02.jpg,newdata,Alpha Generation Exploration Life,2.jpg,2
newdata__001_alpha_generation_exploration_life__p03.jpg,newdata,Alpha Generation Exploration Life,3.jpg,3
newdata__001_alpha_generation_exploration_life__p04.jpg,newdata,Alpha Generation Exploration Life,4.jpg,4
newdata__001_alpha_generation_exploration_life__p05.jpg,newdata,Alpha Generation Exploration Life,5.jpg,5
newdata__001_alpha_generation_exploration_life__p06.jpg,newdata,Alpha Generation Exploration Life,6.jpg,6
newdata__001_alpha_generation_exploration_life__p07.jpg,newdata,Alpha Generation Exploration Life,7.jpg,7
newdata__001_alpha_generation_exploration_life__p08.jpg,newdata,Alpha Generation Exploration Life,8.jpg,8
newdata__001_alpha_generation_exploration_life__p09.jpg,newdata,Alpha Generation Exploration Life,9.jpg,9
newdata__001_alpha_generation_exploration_life__p10.jpg,newdata,Alpha Generation Exploration Life,10.jpg,10
newdata__002_capturing_golden_time_for_flooding_throu__p01.jpg,newdata,Capturing golden time for flooding through real-time deep learning analysis,1.jpg,1
newdata__002_capturing_golden_time_for_flooding_throu__p02.jpg,newdata,Capturing golden time for flooding through real-time deep learning analysis,2.jpg,2
newdata__002_capturing_golden_time_for_flooding_throu__p03.jpg,newdata,Capturing golden time for flooding through real-time deep learning analysis,3.jpg,3
newdata__002_capturing_golden_time_for_flooding_throu__p04.jpg,newdata,Capturing golden time for flooding through real-time deep learning analysis,4.jpg,4
newdata__002_capturing_golden_time_for_flooding_throu__p05.jpg,newdata,Capturing golden time for flooding through real-time deep learning analysis,5.jpg,5
newdata__002_capturing_golden_time_for_flooding_throu__p06.jpg,newdata,Capturing golden time for flooding through real-time deep learning analysis,6.jpg,6
newdata__002_capturing_golden_time_for_flooding_throu__p07.jpg,newdata,Capturing golden time for flooding through real-time deep learning analysis,7.jpg,7
newdata__003_changing_rainfall_patterns_what_is_seoul__p01.jpg,newdata,"Changing rainfall patterns, what is Seoul’s landslide response strategy",1.jpg,1
newdata__003_changing_rainfall_patterns_what_is_seoul__p02.jpg,newdata,"Changing rainfall patterns, what is Seoul’s landslide response strategy",2.jpg,2
newdata__003_changing_rainfall_patterns_what_is_seoul__p03.jpg,newdata,"Changing rainfall patterns, what is Seoul’s landslide response strategy",3.jpg,3
newdata__003_changing_rainfall_patterns_what_is_seoul__p04.jpg,newdata,"Changing rainfall patterns, what is Seoul’s landslide response strategy",4.jpg,4
newdata__003_changing_rainfall_patterns_what_is_seoul__p05.jpg,newdata,"Changing rainfall patterns, what is Seoul’s landslide response strategy",5.jpg,5
newdata__003_changing_rainfall_patterns_what_is_seoul__p06.jpg,newdata,"Changing rainfall patterns, what is Seoul’s landslide response strategy",6.jpg,6
newdata__003_changing_rainfall_patterns_what_is_seoul__p07.jpg,newdata,"Changing rainfall patterns, what is Seoul’s landslide response strategy",7.jpg,7
newdata__003_changing_rainfall_patterns_what_is_seoul__p08.jpg,newdata,"Changing rainfall patterns, what is Seoul’s landslide response strategy",8.jpg,8
newdata__004_citizen_life_changed_by_covid_19__p01.jpg,newdata,Citizen life changed by COVID-19,1.jpg,1
newdata__004_citizen_life_changed_by_covid_19__p02.jpg,newdata,Citizen life changed by COVID-19,2.jpg,2
newdata__004_citizen_life_changed_by_covid_19__p03.jpg,newdata,Citizen life changed by COVID-19,3.jpg,3
newdata__004_citizen_life_changed_by_covid_19__p04.jpg,newdata,Citizen life changed by COVID-19,4.jpg,4
newdata__004_citizen_life_changed_by_covid_19__p05.jpg,newdata,Citizen life changed by COVID-19,5.jpg,5
newdata__004_citizen_life_changed_by_covid_19__p06.jpg,newdata,Citizen life changed by COVID-19,6.jpg,6
newdata__005_delving_into_the_personal_feelings_of_dr__p01.jpg,newdata,Delving into the “Personal Feelings” of Drivers is the Key for Greater Uptake of Mass Transit and Electric Vehicles (EVs),1.jpg,1
newdata__005_delving_into_the_personal_feelings_of_dr__p02.jpg,newdata,Delving into the “Personal Feelings” of Drivers is the Key for Greater Uptake of Mass Transit and Electric Vehicles (EVs),2.jpg,2
newdata__005_delving_into_the_personal_feelings_of_dr__p03.jpg,newdata,Delving into the “Personal Feelings” of Drivers is the Key for Greater Uptake of Mass Transit and Electric Vehicles (EVs),3.jpg,3
newdata__005_delving_into_the_personal_feelings_of_dr__p04.jpg,newdata,Delving into the “Personal Feelings” of Drivers is the Key for Greater Uptake of Mass Transit and Electric Vehicles (EVs),4.jpg,4
newdata__005_delving_into_the_personal_feelings_of_dr__p05.jpg,newdata,Delving into the “Personal Feelings” of Drivers is the Key for Greater Uptake of Mass Transit and Electric Vehicles (EVs),5.jpg,5
newdata__005_delving_into_the_personal_feelings_of_dr__p06.jpg,newdata,Delving into the “Personal Feelings” of Drivers is the Key for Greater Uptake of Mass Transit and Electric Vehicles (EVs),6.jpg,6
newdata__005_delving_into_the_personal_feelings_of_dr__p07.jpg,newdata,Delving into the “Personal Feelings” of Drivers is the Key for Greater Uptake of Mass Transit and Electric Vehicles (EVs),7.jpg,7
newdata__005_delving_into_the_personal_feelings_of_dr__p08.jpg,newdata,Delving into the “Personal Feelings” of Drivers is the Key for Greater Uptake of Mass Transit and Electric Vehicles (EVs),8.jpg,8
newdata__005_delving_into_the_personal_feelings_of_dr__p09.jpg,newdata,Delving into the “Personal Feelings” of Drivers is the Key for Greater Uptake of Mass Transit and Electric Vehicles (EVs),9.jpg,9
newdata__005_delving_into_the_personal_feelings_of_dr__p10.jpg,newdata,Delving into the “Personal Feelings” of Drivers is the Key for Greater Uptake of Mass Transit and Electric Vehicles (EVs),10.jpg,10
newdata__006_do_you_know_the_smart_city_that_will_cha__p01.jpg,newdata,Do you know the smart city that will change our lives,1.jpg,1
newdata__006_do_you_know_the_smart_city_that_will_cha__p02.jpg,newdata,Do you know the smart city that will change our lives,2.jpg,2
newdata__006_do_you_know_the_smart_city_that_will_cha__p03.jpg,newdata,Do you know the smart city that will change our lives,3.jpg,3
newdata__006_do_you_know_the_smart_city_that_will_cha__p04.jpg,newdata,Do you know the smart city that will change our lives,4.jpg,4
newdata__006_do_you_know_the_smart_city_that_will_cha__p05.jpg,newdata,Do you know the smart city that will change our lives,5.jpg,5
newdata__006_do_you_know_the_smart_city_that_will_cha__p06.jpg,newdata,Do you know the smart city that will change our lives,6.jpg,6
newdata__006_do_you_know_the_smart_city_that_will_cha__p07.jpg,newdata,Do you know the smart city that will change our lives,7.jpg,7
newdata__006_do_you_know_the_smart_city_that_will_cha__p08.jpg,newdata,Do you know the smart city that will change our lives,8.jpg,8
newdata__006_do_you_know_the_smart_city_that_will_cha__p09.jpg,newdata,Do you know the smart city that will change our lives,9.jpg,9
newdata__006_do_you_know_the_smart_city_that_will_cha__p10.jpg,newdata,Do you know the smart city that will change our lives,10.jpg,10
newdata__007_elderly_drivers_put_down_their_licenses___p01.jpg,newdata,Elderly drivers put down their licenses and protect their right to travel and safety,1.jpg,1
newdata__007_elderly_drivers_put_down_their_licenses___p02.jpg,newdata,Elderly drivers put down their licenses and protect their right to travel and safety,2.jpg,2
newdata__007_elderly_drivers_put_down_their_licenses___p03.jpg,newdata,Elderly drivers put down their licenses and protect their right to travel and safety,3.jpg,3
newdata__007_elderly_drivers_put_down_their_licenses___p04.jpg,newdata,Elderly drivers put down their licenses and protect their right to travel and safety,4.jpg,4
newdata__007_elderly_drivers_put_down_their_licenses___p05.jpg,newdata,Elderly drivers put down their licenses and protect their right to travel and safety,5.jpg,5
newdata__007_elderly_drivers_put_down_their_licenses___p06.jpg,newdata,Elderly drivers put down their licenses and protect their right to travel and safety,6.jpg,6
newdata__007_elderly_drivers_put_down_their_licenses___p07.jpg,newdata,Elderly drivers put down their licenses and protect their right to travel and safety,7.jpg,7
newdata__008_even_after_covid_19_ends_80_1_will_conti__p01.jpg,newdata,"Even after COVID-19 ends, 80.1% will continue to consume non-face-to-face",1.jpg,1
newdata__008_even_after_covid_19_ends_80_1_will_conti__p02.jpg,newdata,"Even after COVID-19 ends, 80.1% will continue to consume non-face-to-face",2.jpg,2
newdata__008_even_after_covid_19_ends_80_1_will_conti__p03.jpg,newdata,"Even after COVID-19 ends, 80.1% will continue to consume non-face-to-face",3.jpg,3
newdata__008_even_after_covid_19_ends_80_1_will_conti__p04.jpg,newdata,"Even after COVID-19 ends, 80.1% will continue to consume non-face-to-face",4.jpg,4
newdata__008_even_after_covid_19_ends_80_1_will_conti__p05.jpg,newdata,"Even after COVID-19 ends, 80.1% will continue to consume non-face-to-face",5.jpg,5
newdata__008_even_after_covid_19_ends_80_1_will_conti__p06.jpg,newdata,"Even after COVID-19 ends, 80.1% will continue to consume non-face-to-face",6.jpg,6
newdata__008_even_after_covid_19_ends_80_1_will_conti__p07.jpg,newdata,"Even after COVID-19 ends, 80.1% will continue to consume non-face-to-face",7.jpg,7
newdata__009_fair_dealership_transactions_what_change__p01.jpg,newdata,"Fair dealership transactions, what changes are needed now",1.jpg,1
newdata__009_fair_dealership_transactions_what_change__p02.jpg,newdata,"Fair dealership transactions, what changes are needed now",2.jpg,2
newdata__009_fair_dealership_transactions_what_change__p03.jpg,newdata,"Fair dealership transactions, what changes are needed now",3.jpg,3
newdata__009_fair_dealership_transactions_what_change__p04.jpg,newdata,"Fair dealership transactions, what changes are needed now",4.jpg,4
newdata__009_fair_dealership_transactions_what_change__p05.jpg,newdata,"Fair dealership transactions, what changes are needed now",5.jpg,5
newdata__009_fair_dealership_transactions_what_change__p06.jpg,newdata,"Fair dealership transactions, what changes are needed now",6.jpg,6
newdata__009_fair_dealership_transactions_what_change__p07.jpg,newdata,"Fair dealership transactions, what changes are needed now",7.jpg,7
newdata__009_fair_dealership_transactions_what_change__p08.jpg,newdata,"Fair dealership transactions, what changes are needed now",8.jpg,8
newdata__010_from_a_small_luxury_to_a_big_industry_wh__p01.jpg,newdata,From a small luxury to a big industry... What is Seoul dessert like now,1.jpg,1
newdata__010_from_a_small_luxury_to_a_big_industry_wh__p02.jpg,newdata,From a small luxury to a big industry... What is Seoul dessert like now,2.jpg,2
newdata__010_from_a_small_luxury_to_a_big_industry_wh__p03.jpg,newdata,From a small luxury to a big industry... What is Seoul dessert like now,3.jpg,3
newdata__010_from_a_small_luxury_to_a_big_industry_wh__p04.jpg,newdata,From a small luxury to a big industry... What is Seoul dessert like now,4.jpg,4
newdata__010_from_a_small_luxury_to_a_big_industry_wh__p05.jpg,newdata,From a small luxury to a big industry... What is Seoul dessert like now,5.jpg,5
newdata__010_from_a_small_luxury_to_a_big_industry_wh__p06.jpg,newdata,From a small luxury to a big industry... What is Seoul dessert like now,6.jpg,6
newdata__010_from_a_small_luxury_to_a_big_industry_wh__p07.jpg,newdata,From a small luxury to a big industry... What is Seoul dessert like now,7.jpg,7
newdata__010_from_a_small_luxury_to_a_big_industry_wh__p08.jpg,newdata,From a small luxury to a big industry... What is Seoul dessert like now,8.jpg,8
newdata__011_from_small_luxury_to_a_growing_industry___p01.jpg,newdata,From “Small Luxury” to a Growing Industry Seoul’s Dessert Scene Today,1.jpg,1
newdata__011_from_small_luxury_to_a_growing_industry___p02.jpg,newdata,From “Small Luxury” to a Growing Industry Seoul’s Dessert Scene Today,2.jpg,2
newdata__011_from_small_luxury_to_a_growing_industry___p03.jpg,newdata,From “Small Luxury” to a Growing Industry Seoul’s Dessert Scene Today,3.jpg,3
newdata__011_from_small_luxury_to_a_growing_industry___p04.jpg,newdata,From “Small Luxury” to a Growing Industry Seoul’s Dessert Scene Today,4.jpg,4
newdata__011_from_small_luxury_to_a_growing_industry___p05.jpg,newdata,From “Small Luxury” to a Growing Industry Seoul’s Dessert Scene Today,5.jpg,5
newdata__011_from_small_luxury_to_a_growing_industry___p06.jpg,newdata,From “Small Luxury” to a Growing Industry Seoul’s Dessert Scene Today,6.jpg,6
newdata__011_from_small_luxury_to_a_growing_industry___p07.jpg,newdata,From “Small Luxury” to a Growing Industry Seoul’s Dessert Scene Today,7.jpg,7
newdata__011_from_small_luxury_to_a_growing_industry___p08.jpg,newdata,From “Small Luxury” to a Growing Industry Seoul’s Dessert Scene Today,8.jpg,8
newdata__012_hot_griddle_cold_reality_how_do_food_tru__p01.jpg,newdata,"Hot griddle, cold reality, how do food trucks in Seoul survive",1.jpg,1
newdata__012_hot_griddle_cold_reality_how_do_food_tru__p02.jpg,newdata,"Hot griddle, cold reality, how do food trucks in Seoul survive",2.jpg,2
newdata__012_hot_griddle_cold_reality_how_do_food_tru__p03.jpg,newdata,"Hot griddle, cold reality, how do food trucks in Seoul survive",3.jpg,3
newdata__012_hot_griddle_cold_reality_how_do_food_tru__p04.jpg,newdata,"Hot griddle, cold reality, how do food trucks in Seoul survive",4.jpg,4
newdata__012_hot_griddle_cold_reality_how_do_food_tru__p05.jpg,newdata,"Hot griddle, cold reality, how do food trucks in Seoul survive",5.jpg,5
newdata__012_hot_griddle_cold_reality_how_do_food_tru__p06.jpg,newdata,"Hot griddle, cold reality, how do food trucks in Seoul survive",6.jpg,6
newdata__012_hot_griddle_cold_reality_how_do_food_tru__p07.jpg,newdata,"Hot griddle, cold reality, how do food trucks in Seoul survive",7.jpg,7
newdata__012_hot_griddle_cold_reality_how_do_food_tru__p08.jpg,newdata,"Hot griddle, cold reality, how do food trucks in Seoul survive",8.jpg,8
newdata__013_how_are_our_neighbors_doing_during_the_h__p01.jpg,newdata,How are our neighbors doing during the heat wave,1.jpg,1
newdata__013_how_are_our_neighbors_doing_during_the_h__p02.jpg,newdata,How are our neighbors doing during the heat wave,2.jpg,2
newdata__013_how_are_our_neighbors_doing_during_the_h__p03.jpg,newdata,How are our neighbors doing during the heat wave,3.jpg,3
newdata__013_how_are_our_neighbors_doing_during_the_h__p04.jpg,newdata,How are our neighbors doing during the heat wave,4.jpg,4
newdata__013_how_are_our_neighbors_doing_during_the_h__p05.jpg,newdata,How are our neighbors doing during the heat wave,5.jpg,5
newdata__013_how_are_our_neighbors_doing_during_the_h__p06.jpg,newdata,How are our neighbors doing during the heat wave,6.jpg,6
newdata__013_how_are_our_neighbors_doing_during_the_h__p07.jpg,newdata,How are our neighbors doing during the heat wave,7.jpg,7
newdata__013_how_are_our_neighbors_doing_during_the_h__p08.jpg,newdata,How are our neighbors doing during the heat wave,8.jpg,8
newdata__013_how_are_our_neighbors_doing_during_the_h__p09.jpg,newdata,How are our neighbors doing during the heat wave,9.jpg,9
newdata__013_how_are_our_neighbors_doing_during_the_h__p10.jpg,newdata,How are our neighbors doing during the heat wave,10.jpg,10
newdata__014_how_much_has_plastic_waste_increased_due__p01.jpg,newdata,How much has plastic waste increased due to Corona,1.jpg,1
newdata__014_how_much_has_plastic_waste_increased_due__p02.jpg,newdata,How much has plastic waste increased due to Corona,2.jpg,2
newdata__014_how_much_has_plastic_waste_increased_due__p03.jpg,newdata,How much has plastic waste increased due to Corona,3.jpg,3
newdata__014_how_much_has_plastic_waste_increased_due__p04.jpg,newdata,How much has plastic waste increased due to Corona,4.jpg,4
newdata__014_how_much_has_plastic_waste_increased_due__p05.jpg,newdata,How much has plastic waste increased due to Corona,5.jpg,5
newdata__014_how_much_has_plastic_waste_increased_due__p06.jpg,newdata,How much has plastic waste increased due to Corona,6.jpg,6
newdata__014_how_much_has_plastic_waste_increased_due__p07.jpg,newdata,How much has plastic waste increased due to Corona,7.jpg,7
newdata__014_how_much_has_plastic_waste_increased_due__p08.jpg,newdata,How much has plastic waste increased due to Corona,8.jpg,8
newdata__014_how_much_has_plastic_waste_increased_due__p09.jpg,newdata,How much has plastic waste increased due to Corona,9.jpg,9
newdata__014_how_much_has_plastic_waste_increased_due__p10.jpg,newdata,How much has plastic waste increased due to Corona,10.jpg,10
newdata__014_how_much_has_plastic_waste_increased_due__p11.jpg,newdata,How much has plastic waste increased due to Corona,11.jpg,11
newdata__015_if_we_want_to_increase_public_transporta__p01.jpg,newdata,"If we want to increase public transportation and electric vehicles, let’s pay attention to the ‘inner minds’ of drivers",1.jpg,1
newdata__015_if_we_want_to_increase_public_transporta__p02.jpg,newdata,"If we want to increase public transportation and electric vehicles, let’s pay attention to the ‘inner minds’ of drivers",2.jpg,2
newdata__015_if_we_want_to_increase_public_transporta__p03.jpg,newdata,"If we want to increase public transportation and electric vehicles, let’s pay attention to the ‘inner minds’ of drivers",3.jpg,3
newdata__015_if_we_want_to_increase_public_transporta__p04.jpg,newdata,"If we want to increase public transportation and electric vehicles, let’s pay attention to the ‘inner minds’ of drivers",4.jpg,4
newdata__015_if_we_want_to_increase_public_transporta__p05.jpg,newdata,"If we want to increase public transportation and electric vehicles, let’s pay attention to the ‘inner minds’ of drivers",5.jpg,5
newdata__015_if_we_want_to_increase_public_transporta__p06.jpg,newdata,"If we want to increase public transportation and electric vehicles, let’s pay attention to the ‘inner minds’ of drivers",6.jpg,6
newdata__015_if_we_want_to_increase_public_transporta__p07.jpg,newdata,"If we want to increase public transportation and electric vehicles, let’s pay attention to the ‘inner minds’ of drivers",7.jpg,7
newdata__015_if_we_want_to_increase_public_transporta__p08.jpg,newdata,"If we want to increase public transportation and electric vehicles, let’s pay attention to the ‘inner minds’ of drivers",8.jpg,8
newdata__015_if_we_want_to_increase_public_transporta__p09.jpg,newdata,"If we want to increase public transportation and electric vehicles, let’s pay attention to the ‘inner minds’ of drivers",9.jpg,9
newdata__015_if_we_want_to_increase_public_transporta__p10.jpg,newdata,"If we want to increase public transportation and electric vehicles, let’s pay attention to the ‘inner minds’ of drivers",10.jpg,10
newdata__016_in_the_era_of_eco_friendly_cars_pay_atte__p01.jpg,newdata,"In the era of eco-friendly cars, pay attention to invisible pollution",1.jpg,1
newdata__016_in_the_era_of_eco_friendly_cars_pay_atte__p02.jpg,newdata,"In the era of eco-friendly cars, pay attention to invisible pollution",2.jpg,2
newdata__016_in_the_era_of_eco_friendly_cars_pay_atte__p03.jpg,newdata,"In the era of eco-friendly cars, pay attention to invisible pollution",3.jpg,3
newdata__016_in_the_era_of_eco_friendly_cars_pay_atte__p04.jpg,newdata,"In the era of eco-friendly cars, pay attention to invisible pollution",4.jpg,4
newdata__016_in_the_era_of_eco_friendly_cars_pay_atte__p05.jpg,newdata,"In the era of eco-friendly cars, pay attention to invisible pollution",5.jpg,5
newdata__016_in_the_era_of_eco_friendly_cars_pay_atte__p06.jpg,newdata,"In the era of eco-friendly cars, pay attention to invisible pollution",6.jpg,6
newdata__016_in_the_era_of_eco_friendly_cars_pay_atte__p07.jpg,newdata,"In the era of eco-friendly cars, pay attention to invisible pollution",7.jpg,7
newdata__017_introducing_public_hanoks_operated_by_th__p01.jpg,newdata,Introducing public hanoks operated by the Seoul Metropolitan Government,1.jpg,1
newdata__017_introducing_public_hanoks_operated_by_th__p02.jpg,newdata,Introducing public hanoks operated by the Seoul Metropolitan Government,2.jpg,2
newdata__017_introducing_public_hanoks_operated_by_th__p03.jpg,newdata,Introducing public hanoks operated by the Seoul Metropolitan Government,3.jpg,3
newdata__017_introducing_public_hanoks_operated_by_th__p04.jpg,newdata,Introducing public hanoks operated by the Seoul Metropolitan Government,4.jpg,4
newdata__017_introducing_public_hanoks_operated_by_th__p05.jpg,newdata,Introducing public hanoks operated by the Seoul Metropolitan Government,5.jpg,5
newdata__017_introducing_public_hanoks_operated_by_th__p06.jpg,newdata,Introducing public hanoks operated by the Seoul Metropolitan Government,6.jpg,6
newdata__017_introducing_public_hanoks_operated_by_th__p07.jpg,newdata,Introducing public hanoks operated by the Seoul Metropolitan Government,7.jpg,7
newdata__017_introducing_public_hanoks_operated_by_th__p08.jpg,newdata,Introducing public hanoks operated by the Seoul Metropolitan Government,8.jpg,8
newdata__017_introducing_public_hanoks_operated_by_th__p09.jpg,newdata,Introducing public hanoks operated by the Seoul Metropolitan Government,9.jpg,9
newdata__018_is_covid_19_a_black_swan_type_gray_rhino__p01.jpg,newdata,Is COVID-19 a black swan type Gray rhino type,1.jpg,1
newdata__018_is_covid_19_a_black_swan_type_gray_rhino__p02.jpg,newdata,Is COVID-19 a black swan type Gray rhino type,2.jpg,2
newdata__018_is_covid_19_a_black_swan_type_gray_rhino__p03.jpg,newdata,Is COVID-19 a black swan type Gray rhino type,3.jpg,3
newdata__018_is_covid_19_a_black_swan_type_gray_rhino__p04.jpg,newdata,Is COVID-19 a black swan type Gray rhino type,4.jpg,4
newdata__018_is_covid_19_a_black_swan_type_gray_rhino__p05.jpg,newdata,Is COVID-19 a black swan type Gray rhino type,5.jpg,5
newdata__018_is_covid_19_a_black_swan_type_gray_rhino__p06.jpg,newdata,Is COVID-19 a black swan type Gray rhino type,6.jpg,6
newdata__018_is_covid_19_a_black_swan_type_gray_rhino__p07.jpg,newdata,Is COVID-19 a black swan type Gray rhino type,7.jpg,7
newdata__018_is_covid_19_a_black_swan_type_gray_rhino__p08.jpg,newdata,Is COVID-19 a black swan type Gray rhino type,8.jpg,8
newdata__018_is_covid_19_a_black_swan_type_gray_rhino__p09.jpg,newdata,Is COVID-19 a black swan type Gray rhino type,9.jpg,9
newdata__018_is_covid_19_a_black_swan_type_gray_rhino__p10.jpg,newdata,Is COVID-19 a black swan type Gray rhino type,10.jpg,10
newdata__018_is_covid_19_a_black_swan_type_gray_rhino__p11.jpg,newdata,Is COVID-19 a black swan type Gray rhino type,11.jpg,11
newdata__018_is_covid_19_a_black_swan_type_gray_rhino__p12.jpg,newdata,Is COVID-19 a black swan type Gray rhino type,12.jpg,12
newdata__018_is_covid_19_a_black_swan_type_gray_rhino__p13.jpg,newdata,Is COVID-19 a black swan type Gray rhino type,13.jpg,13
newdata__018_is_covid_19_a_black_swan_type_gray_rhino__p14.jpg,newdata,Is COVID-19 a black swan type Gray rhino type,14.jpg,14
newdata__018_is_covid_19_a_black_swan_type_gray_rhino__p15.jpg,newdata,Is COVID-19 a black swan type Gray rhino type,15.jpg,15
newdata__019_is_the_road_in_front_of_my_house_safe_en__p01.jpg,newdata,Is the Road in front of My House Safe Enough,1.jpg,1
newdata__019_is_the_road_in_front_of_my_house_safe_en__p02.jpg,newdata,Is the Road in front of My House Safe Enough,2.jpg,2
newdata__019_is_the_road_in_front_of_my_house_safe_en__p03.jpg,newdata,Is the Road in front of My House Safe Enough,3.jpg,3
newdata__019_is_the_road_in_front_of_my_house_safe_en__p04.jpg,newdata,Is the Road in front of My House Safe Enough,4.jpg,4
newdata__019_is_the_road_in_front_of_my_house_safe_en__p05.jpg,newdata,Is the Road in front of My House Safe Enough,5.jpg,5
newdata__019_is_the_road_in_front_of_my_house_safe_en__p06.jpg,newdata,Is the Road in front of My House Safe Enough,6.jpg,6
newdata__019_is_the_road_in_front_of_my_house_safe_en__p07.jpg,newdata,Is the Road in front of My House Safe Enough,7.jpg,7
newdata__019_is_the_road_in_front_of_my_house_safe_en__p08.jpg,newdata,Is the Road in front of My House Safe Enough,8.jpg,8
newdata__019_is_the_road_in_front_of_my_house_safe_en__p09.jpg,newdata,Is the Road in front of My House Safe Enough,9.jpg,9
newdata__019_is_the_road_in_front_of_my_house_safe_en__p10.jpg,newdata,Is the Road in front of My House Safe Enough,10.jpg,10
newdata__020_is_the_retaliatory_spending_money_that_o__p01.jpg,newdata,Is the retaliatory spending money that one out of four Seoul citizens did Money,1.jpg,1
newdata__020_is_the_retaliatory_spending_money_that_o__p02.jpg,newdata,Is the retaliatory spending money that one out of four Seoul citizens did Money,2.jpg,2
newdata__020_is_the_retaliatory_spending_money_that_o__p03.jpg,newdata,Is the retaliatory spending money that one out of four Seoul citizens did Money,3.jpg,3
newdata__020_is_the_retaliatory_spending_money_that_o__p04.jpg,newdata,Is the retaliatory spending money that one out of four Seoul citizens did Money,4.jpg,4
newdata__020_is_the_retaliatory_spending_money_that_o__p05.jpg,newdata,Is the retaliatory spending money that one out of four Seoul citizens did Money,5.jpg,5
newdata__020_is_the_retaliatory_spending_money_that_o__p06.jpg,newdata,Is the retaliatory spending money that one out of four Seoul citizens did Money,6.jpg,6
newdata__020_is_the_retaliatory_spending_money_that_o__p07.jpg,newdata,Is the retaliatory spending money that one out of four Seoul citizens did Money,7.jpg,7
newdata__020_is_the_retaliatory_spending_money_that_o__p08.jpg,newdata,Is the retaliatory spending money that one out of four Seoul citizens did Money,8.jpg,8
newdata__021_is_the_road_in_front_of_my_house_safe__p01.jpg,newdata,Is the road in front of my house safe,1.jpg,1
newdata__021_is_the_road_in_front_of_my_house_safe__p02.jpg,newdata,Is the road in front of my house safe,2.jpg,2
newdata__021_is_the_road_in_front_of_my_house_safe__p03.jpg,newdata,Is the road in front of my house safe,3.jpg,3
newdata__021_is_the_road_in_front_of_my_house_safe__p04.jpg,newdata,Is the road in front of my house safe,4.jpg,4
newdata__021_is_the_road_in_front_of_my_house_safe__p05.jpg,newdata,Is the road in front of my house safe,5.jpg,5
newdata__021_is_the_road_in_front_of_my_house_safe__p06.jpg,newdata,Is the road in front of my house safe,6.jpg,6
newdata__021_is_the_road_in_front_of_my_house_safe__p07.jpg,newdata,Is the road in front of my house safe,7.jpg,7
newdata__021_is_the_road_in_front_of_my_house_safe__p08.jpg,newdata,Is the road in front of my house safe,8.jpg,8
newdata__021_is_the_road_in_front_of_my_house_safe__p09.jpg,newdata,Is the road in front of my house safe,9.jpg,9
newdata__021_is_the_road_in_front_of_my_house_safe__p10.jpg,newdata,Is the road in front of my house safe,10.jpg,10
newdata__022_lets_take_an_in_depth_look_at_generation__p01.jpg,newdata,Let’s Take an In-depth Look at Generation Alpha,1.jpg,1
newdata__022_lets_take_an_in_depth_look_at_generation__p02.jpg,newdata,Let’s Take an In-depth Look at Generation Alpha,2.jpg,2
newdata__022_lets_take_an_in_depth_look_at_generation__p03.jpg,newdata,Let’s Take an In-depth Look at Generation Alpha,3.jpg,3
newdata__022_lets_take_an_in_depth_look_at_generation__p04.jpg,newdata,Let’s Take an In-depth Look at Generation Alpha,4.jpg,4
newdata__022_lets_take_an_in_depth_look_at_generation__p05.jpg,newdata,Let’s Take an In-depth Look at Generation Alpha,5.jpg,5
newdata__022_lets_take_an_in_depth_look_at_generation__p06.jpg,newdata,Let’s Take an In-depth Look at Generation Alpha,6.jpg,6
newdata__022_lets_take_an_in_depth_look_at_generation__p07.jpg,newdata,Let’s Take an In-depth Look at Generation Alpha,7.jpg,7
newdata__022_lets_take_an_in_depth_look_at_generation__p08.jpg,newdata,Let’s Take an In-depth Look at Generation Alpha,8.jpg,8
newdata__022_lets_take_an_in_depth_look_at_generation__p09.jpg,newdata,Let’s Take an In-depth Look at Generation Alpha,9.jpg,9
newdata__022_lets_take_an_in_depth_look_at_generation__p10.jpg,newdata,Let’s Take an In-depth Look at Generation Alpha,10.jpg,10
newdata__023_next_on_your_seoul_travel_bucket_list_wh__p01.jpg,newdata,"Next on your Seoul travel bucket list, what do you need for art tourism",1.jpg,1
newdata__023_next_on_your_seoul_travel_bucket_list_wh__p02.jpg,newdata,"Next on your Seoul travel bucket list, what do you need for art tourism",2.jpg,2
newdata__023_next_on_your_seoul_travel_bucket_list_wh__p03.jpg,newdata,"Next on your Seoul travel bucket list, what do you need for art tourism",3.jpg,3
newdata__023_next_on_your_seoul_travel_bucket_list_wh__p04.jpg,newdata,"Next on your Seoul travel bucket list, what do you need for art tourism",4.jpg,4
newdata__023_next_on_your_seoul_travel_bucket_list_wh__p05.jpg,newdata,"Next on your Seoul travel bucket list, what do you need for art tourism",5.jpg,5
newdata__023_next_on_your_seoul_travel_bucket_list_wh__p06.jpg,newdata,"Next on your Seoul travel bucket list, what do you need for art tourism",6.jpg,6
newdata__023_next_on_your_seoul_travel_bucket_list_wh__p07.jpg,newdata,"Next on your Seoul travel bucket list, what do you need for art tourism",7.jpg,7
newdata__023_next_on_your_seoul_travel_bucket_list_wh__p08.jpg,newdata,"Next on your Seoul travel bucket list, what do you need for art tourism",8.jpg,8
newdata__024_old_man_as_uncomfortable_walk_around_the__p01.jpg,newdata,Old man A’s uncomfortable walk around the neighborhood,1.jpg,1
newdata__024_old_man_as_uncomfortable_walk_around_the__p02.jpg,newdata,Old man A’s uncomfortable walk around the neighborhood,2.jpg,2
newdata__024_old_man_as_uncomfortable_walk_around_the__p03.jpg,newdata,Old man A’s uncomfortable walk around the neighborhood,3.jpg,3
newdata__024_old_man_as_uncomfortable_walk_around_the__p04.jpg,newdata,Old man A’s uncomfortable walk around the neighborhood,4.jpg,4
newdata__024_old_man_as_uncomfortable_walk_around_the__p05.jpg,newdata,Old man A’s uncomfortable walk around the neighborhood,5.jpg,5
newdata__024_old_man_as_uncomfortable_walk_around_the__p06.jpg,newdata,Old man A’s uncomfortable walk around the neighborhood,6.jpg,6
newdata__024_old_man_as_uncomfortable_walk_around_the__p07.jpg,newdata,Old man A’s uncomfortable walk around the neighborhood,7.jpg,7
newdata__024_old_man_as_uncomfortable_walk_around_the__p08.jpg,newdata,Old man A’s uncomfortable walk around the neighborhood,8.jpg,8
newdata__025_one_in_two_seoul_citizens_has_tried_seco__p01.jpg,newdata,One in two Seoul citizens has tried second-hand goods,1.jpg,1
newdata__025_one_in_two_seoul_citizens_has_tried_seco__p02.jpg,newdata,One in two Seoul citizens has tried second-hand goods,2.jpg,2
newdata__025_one_in_two_seoul_citizens_has_tried_seco__p03.jpg,newdata,One in two Seoul citizens has tried second-hand goods,3.jpg,3
newdata__025_one_in_two_seoul_citizens_has_tried_seco__p04.jpg,newdata,One in two Seoul citizens has tried second-hand goods,4.jpg,4
newdata__025_one_in_two_seoul_citizens_has_tried_seco__p05.jpg,newdata,One in two Seoul citizens has tried second-hand goods,5.jpg,5
newdata__025_one_in_two_seoul_citizens_has_tried_seco__p06.jpg,newdata,One in two Seoul citizens has tried second-hand goods,6.jpg,6
newdata__025_one_in_two_seoul_citizens_has_tried_seco__p07.jpg,newdata,One in two Seoul citizens has tried second-hand goods,7.jpg,7
newdata__025_one_in_two_seoul_citizens_has_tried_seco__p08.jpg,newdata,One in two Seoul citizens has tried second-hand goods,8.jpg,8
newdata__025_one_in_two_seoul_citizens_has_tried_seco__p09.jpg,newdata,One in two Seoul citizens has tried second-hand goods,9.jpg,9
newdata__025_one_in_two_seoul_citizens_has_tried_seco__p10.jpg,newdata,One in two Seoul citizens has tried second-hand goods,10.jpg,10
newdata__026_paving_the_path_towards_a_decent_and_equ__p01.jpg,newdata,Paving the Path towards a Decent and Equitable Society,1.jpg,1
newdata__026_paving_the_path_towards_a_decent_and_equ__p02.jpg,newdata,Paving the Path towards a Decent and Equitable Society,2.jpg,2
newdata__026_paving_the_path_towards_a_decent_and_equ__p03.jpg,newdata,Paving the Path towards a Decent and Equitable Society,3.jpg,3
newdata__026_paving_the_path_towards_a_decent_and_equ__p04.jpg,newdata,Paving the Path towards a Decent and Equitable Society,4.jpg,4
newdata__026_paving_the_path_towards_a_decent_and_equ__p05.jpg,newdata,Paving the Path towards a Decent and Equitable Society,5.jpg,5
newdata__026_paving_the_path_towards_a_decent_and_equ__p06.jpg,newdata,Paving the Path towards a Decent and Equitable Society,6.jpg,6
newdata__026_paving_the_path_towards_a_decent_and_equ__p07.jpg,newdata,Paving the Path towards a Decent and Equitable Society,7.jpg,7
newdata__026_paving_the_path_towards_a_decent_and_equ__p08.jpg,newdata,Paving the Path towards a Decent and Equitable Society,8.jpg,8
newdata__027_pay_attention_to_seoul_the_center_of_the__p01.jpg,newdata,"Pay attention to Seoul, the center of the global AI ecosystem",1.jpg,1
newdata__027_pay_attention_to_seoul_the_center_of_the__p02.jpg,newdata,"Pay attention to Seoul, the center of the global AI ecosystem",2.jpg,2
newdata__027_pay_attention_to_seoul_the_center_of_the__p03.jpg,newdata,"Pay attention to Seoul, the center of the global AI ecosystem",3.jpg,3
newdata__027_pay_attention_to_seoul_the_center_of_the__p04.jpg,newdata,"Pay attention to Seoul, the center of the global AI ecosystem",4.jpg,4
newdata__027_pay_attention_to_seoul_the_center_of_the__p05.jpg,newdata,"Pay attention to Seoul, the center of the global AI ecosystem",5.jpg,5
newdata__027_pay_attention_to_seoul_the_center_of_the__p06.jpg,newdata,"Pay attention to Seoul, the center of the global AI ecosystem",6.jpg,6
newdata__027_pay_attention_to_seoul_the_center_of_the__p07.jpg,newdata,"Pay attention to Seoul, the center of the global AI ecosystem",7.jpg,7
newdata__027_pay_attention_to_seoul_the_center_of_the__p08.jpg,newdata,"Pay attention to Seoul, the center of the global AI ecosystem",8.jpg,8
newdata__027_pay_attention_to_seoul_the_center_of_the__p09.jpg,newdata,"Pay attention to Seoul, the center of the global AI ecosystem",9.jpg,9
newdata__028_real_time_deep_learning_analysis_to_secu__p01.jpg,newdata,Real-Time Deep Learning Analysis to Secure the Golden Time for Flood Response,1.jpg,1
newdata__028_real_time_deep_learning_analysis_to_secu__p02.jpg,newdata,Real-Time Deep Learning Analysis to Secure the Golden Time for Flood Response,2.jpg,2
newdata__028_real_time_deep_learning_analysis_to_secu__p03.jpg,newdata,Real-Time Deep Learning Analysis to Secure the Golden Time for Flood Response,3.jpg,3
newdata__028_real_time_deep_learning_analysis_to_secu__p04.jpg,newdata,Real-Time Deep Learning Analysis to Secure the Golden Time for Flood Response,4.jpg,4
newdata__028_real_time_deep_learning_analysis_to_secu__p05.jpg,newdata,Real-Time Deep Learning Analysis to Secure the Golden Time for Flood Response,5.jpg,5
newdata__028_real_time_deep_learning_analysis_to_secu__p06.jpg,newdata,Real-Time Deep Learning Analysis to Secure the Golden Time for Flood Response,6.jpg,6
newdata__028_real_time_deep_learning_analysis_to_secu__p07.jpg,newdata,Real-Time Deep Learning Analysis to Secure the Golden Time for Flood Response,7.jpg,7
newdata__029_recording_the_50_years_of_seouls_urban_r__p01.jpg,newdata,Recording the 50 years of Seoul’s urban redevelopment policy,1.jpg,1
newdata__029_recording_the_50_years_of_seouls_urban_r__p02.jpg,newdata,Recording the 50 years of Seoul’s urban redevelopment policy,2.jpg,2
newdata__029_recording_the_50_years_of_seouls_urban_r__p03.jpg,newdata,Recording the 50 years of Seoul’s urban redevelopment policy,3.jpg,3
newdata__029_recording_the_50_years_of_seouls_urban_r__p04.jpg,newdata,Recording the 50 years of Seoul’s urban redevelopment policy,4.jpg,4
newdata__029_recording_the_50_years_of_seouls_urban_r__p05.jpg,newdata,Recording the 50 years of Seoul’s urban redevelopment policy,5.jpg,5
newdata__029_recording_the_50_years_of_seouls_urban_r__p06.jpg,newdata,Recording the 50 years of Seoul’s urban redevelopment policy,6.jpg,6
newdata__030_seoul_research_institute_30th_anniversar__p01.jpg,newdata,Seoul Research Institute 30th Anniversary Series ① 30 Years of Urban Society Research “From IMF to Corona Pandemic...”,1.jpg,1
newdata__030_seoul_research_institute_30th_anniversar__p02.jpg,newdata,Seoul Research Institute 30th Anniversary Series ① 30 Years of Urban Society Research “From IMF to Corona Pandemic...”,2.jpg,2
newdata__030_seoul_research_institute_30th_anniversar__p03.jpg,newdata,Seoul Research Institute 30th Anniversary Series ① 30 Years of Urban Society Research “From IMF to Corona Pandemic...”,3.jpg,3
newdata__030_seoul_research_institute_30th_anniversar__p04.jpg,newdata,Seoul Research Institute 30th Anniversary Series ① 30 Years of Urban Society Research “From IMF to Corona Pandemic...”,4.jpg,4
newdata__030_seoul_research_institute_30th_anniversar__p05.jpg,newdata,Seoul Research Institute 30th Anniversary Series ① 30 Years of Urban Society Research “From IMF to Corona Pandemic...”,5.jpg,5
newdata__030_seoul_research_institute_30th_anniversar__p06.jpg,newdata,Seoul Research Institute 30th Anniversary Series ① 30 Years of Urban Society Research “From IMF to Corona Pandemic...”,6.jpg,6
newdata__030_seoul_research_institute_30th_anniversar__p07.jpg,newdata,Seoul Research Institute 30th Anniversary Series ① 30 Years of Urban Society Research “From IMF to Corona Pandemic...”,7.jpg,7
newdata__030_seoul_research_institute_30th_anniversar__p08.jpg,newdata,Seoul Research Institute 30th Anniversary Series ① 30 Years of Urban Society Research “From IMF to Corona Pandemic...”,8.jpg,8
newdata__030_seoul_research_institute_30th_anniversar__p09.jpg,newdata,Seoul Research Institute 30th Anniversary Series ① 30 Years of Urban Society Research “From IMF to Corona Pandemic...”,9.jpg,9
newdata__030_seoul_research_institute_30th_anniversar__p10.jpg,newdata,Seoul Research Institute 30th Anniversary Series ① 30 Years of Urban Society Research “From IMF to Corona Pandemic...”,10.jpg,10
newdata__031_seoul_research_institute_30th_anniversar__p01.jpg,newdata,Seoul Research Institute 30th Anniversary Series ② 30 Years of Industrial and Economic Research “Passing the Manufacturing Era and Standing in the Center of the 4th Industrial Revolution”,1.jpg,1
newdata__031_seoul_research_institute_30th_anniversar__p02.jpg,newdata,Seoul Research Institute 30th Anniversary Series ② 30 Years of Industrial and Economic Research “Passing the Manufacturing Era and Standing in the Center of the 4th Industrial Revolution”,2.jpg,2
newdata__031_seoul_research_institute_30th_anniversar__p03.jpg,newdata,Seoul Research Institute 30th Anniversary Series ② 30 Years of Industrial and Economic Research “Passing the Manufacturing Era and Standing in the Center of the 4th Industrial Revolution”,3.jpg,3
newdata__031_seoul_research_institute_30th_anniversar__p04.jpg,newdata,Seoul Research Institute 30th Anniversary Series ② 30 Years of Industrial and Economic Research “Passing the Manufacturing Era and Standing in the Center of the 4th Industrial Revolution”,4.jpg,4
newdata__031_seoul_research_institute_30th_anniversar__p05.jpg,newdata,Seoul Research Institute 30th Anniversary Series ② 30 Years of Industrial and Economic Research “Passing the Manufacturing Era and Standing in the Center of the 4th Industrial Revolution”,5.jpg,5
newdata__031_seoul_research_institute_30th_anniversar__p06.jpg,newdata,Seoul Research Institute 30th Anniversary Series ② 30 Years of Industrial and Economic Research “Passing the Manufacturing Era and Standing in the Center of the 4th Industrial Revolution”,6.jpg,6
newdata__031_seoul_research_institute_30th_anniversar__p07.jpg,newdata,Seoul Research Institute 30th Anniversary Series ② 30 Years of Industrial and Economic Research “Passing the Manufacturing Era and Standing in the Center of the 4th Industrial Revolution”,7.jpg,7
newdata__031_seoul_research_institute_30th_anniversar__p08.jpg,newdata,Seoul Research Institute 30th Anniversary Series ② 30 Years of Industrial and Economic Research “Passing the Manufacturing Era and Standing in the Center of the 4th Industrial Revolution”,8.jpg,8
newdata__031_seoul_research_institute_30th_anniversar__p09.jpg,newdata,Seoul Research Institute 30th Anniversary Series ② 30 Years of Industrial and Economic Research “Passing the Manufacturing Era and Standing in the Center of the 4th Industrial Revolution”,9.jpg,9
newdata__031_seoul_research_institute_30th_anniversar__p10.jpg,newdata,Seoul Research Institute 30th Anniversary Series ② 30 Years of Industrial and Economic Research “Passing the Manufacturing Era and Standing in the Center of the 4th Industrial Revolution”,10.jpg,10
newdata__032_seoul_research_institute_30th_anniversar__p01.jpg,newdata,Seoul Research Institute 30th Anniversary Series ③ 30 Years of Urban Management Research “How was the model for measuring public officials’ integrity created”,1.jpg,1
newdata__032_seoul_research_institute_30th_anniversar__p02.jpg,newdata,Seoul Research Institute 30th Anniversary Series ③ 30 Years of Urban Management Research “How was the model for measuring public officials’ integrity created”,2.jpg,2
newdata__032_seoul_research_institute_30th_anniversar__p03.jpg,newdata,Seoul Research Institute 30th Anniversary Series ③ 30 Years of Urban Management Research “How was the model for measuring public officials’ integrity created”,3.jpg,3
newdata__032_seoul_research_institute_30th_anniversar__p04.jpg,newdata,Seoul Research Institute 30th Anniversary Series ③ 30 Years of Urban Management Research “How was the model for measuring public officials’ integrity created”,4.jpg,4
newdata__032_seoul_research_institute_30th_anniversar__p05.jpg,newdata,Seoul Research Institute 30th Anniversary Series ③ 30 Years of Urban Management Research “How was the model for measuring public officials’ integrity created”,5.jpg,5
newdata__032_seoul_research_institute_30th_anniversar__p06.jpg,newdata,Seoul Research Institute 30th Anniversary Series ③ 30 Years of Urban Management Research “How was the model for measuring public officials’ integrity created”,6.jpg,6
newdata__032_seoul_research_institute_30th_anniversar__p07.jpg,newdata,Seoul Research Institute 30th Anniversary Series ③ 30 Years of Urban Management Research “How was the model for measuring public officials’ integrity created”,7.jpg,7
newdata__032_seoul_research_institute_30th_anniversar__p08.jpg,newdata,Seoul Research Institute 30th Anniversary Series ③ 30 Years of Urban Management Research “How was the model for measuring public officials’ integrity created”,8.jpg,8
newdata__032_seoul_research_institute_30th_anniversar__p09.jpg,newdata,Seoul Research Institute 30th Anniversary Series ③ 30 Years of Urban Management Research “How was the model for measuring public officials’ integrity created”,9.jpg,9
newdata__032_seoul_research_institute_30th_anniversar__p10.jpg,newdata,Seoul Research Institute 30th Anniversary Series ③ 30 Years of Urban Management Research “How was the model for measuring public officials’ integrity created”,10.jpg,10
newdata__033_seoul_greenhouse_gas_monitoring_advanced__p01.jpg,newdata,Seoul greenhouse gas monitoring advanced through remote sensing,1.jpg,1
newdata__033_seoul_greenhouse_gas_monitoring_advanced__p02.jpg,newdata,Seoul greenhouse gas monitoring advanced through remote sensing,2.jpg,2
newdata__033_seoul_greenhouse_gas_monitoring_advanced__p03.jpg,newdata,Seoul greenhouse gas monitoring advanced through remote sensing,3.jpg,3
newdata__033_seoul_greenhouse_gas_monitoring_advanced__p04.jpg,newdata,Seoul greenhouse gas monitoring advanced through remote sensing,4.jpg,4
newdata__033_seoul_greenhouse_gas_monitoring_advanced__p05.jpg,newdata,Seoul greenhouse gas monitoring advanced through remote sensing,5.jpg,5
newdata__033_seoul_greenhouse_gas_monitoring_advanced__p06.jpg,newdata,Seoul greenhouse gas monitoring advanced through remote sensing,6.jpg,6
newdata__033_seoul_greenhouse_gas_monitoring_advanced__p07.jpg,newdata,Seoul greenhouse gas monitoring advanced through remote sensing,7.jpg,7
newdata__034_seoul_webtoon_writer_class__p01.jpg,newdata,Seoul webtoon writer Class,1.jpg,1
newdata__034_seoul_webtoon_writer_class__p02.jpg,newdata,Seoul webtoon writer Class,2.jpg,2
newdata__034_seoul_webtoon_writer_class__p03.jpg,newdata,Seoul webtoon writer Class,3.jpg,3
newdata__034_seoul_webtoon_writer_class__p04.jpg,newdata,Seoul webtoon writer Class,4.jpg,4
newdata__034_seoul_webtoon_writer_class__p05.jpg,newdata,Seoul webtoon writer Class,5.jpg,5
newdata__034_seoul_webtoon_writer_class__p06.jpg,newdata,Seoul webtoon writer Class,6.jpg,6
newdata__034_seoul_webtoon_writer_class__p07.jpg,newdata,Seoul webtoon writer Class,7.jpg,7
newdata__034_seoul_webtoon_writer_class__p08.jpg,newdata,Seoul webtoon writer Class,8.jpg,8
newdata__034_seoul_webtoon_writer_class__p09.jpg,newdata,Seoul webtoon writer Class,9.jpg,9
newdata__034_seoul_webtoon_writer_class__p10.jpg,newdata,Seoul webtoon writer Class,10.jpg,10
newdata__035_seoul_s_population_decline_concerns_and___p01.jpg,newdata,"Seoul's population decline, concerns and response directions for the future",1.jpg,1
newdata__035_seoul_s_population_decline_concerns_and___p02.jpg,newdata,"Seoul's population decline, concerns and response directions for the future",2.jpg,2
newdata__035_seoul_s_population_decline_concerns_and___p03.jpg,newdata,"Seoul's population decline, concerns and response directions for the future",3.jpg,3
newdata__035_seoul_s_population_decline_concerns_and___p04.jpg,newdata,"Seoul's population decline, concerns and response directions for the future",4.jpg,4
newdata__035_seoul_s_population_decline_concerns_and___p05.jpg,newdata,"Seoul's population decline, concerns and response directions for the future",5.jpg,5
newdata__035_seoul_s_population_decline_concerns_and___p06.jpg,newdata,"Seoul's population decline, concerns and response directions for the future",6.jpg,6
newdata__035_seoul_s_population_decline_concerns_and___p07.jpg,newdata,"Seoul's population decline, concerns and response directions for the future",7.jpg,7
newdata__035_seoul_s_population_decline_concerns_and___p08.jpg,newdata,"Seoul's population decline, concerns and response directions for the future",8.jpg,8
newdata__035_seoul_s_population_decline_concerns_and___p09.jpg,newdata,"Seoul's population decline, concerns and response directions for the future",9.jpg,9
newdata__036_seoul_a_walking_city_how_should_we_respo__p01.jpg,newdata,"Seoul, a walking city, how should we respond to smombie",1.jpg,1
newdata__036_seoul_a_walking_city_how_should_we_respo__p02.jpg,newdata,"Seoul, a walking city, how should we respond to smombie",2.jpg,2
newdata__036_seoul_a_walking_city_how_should_we_respo__p03.jpg,newdata,"Seoul, a walking city, how should we respond to smombie",3.jpg,3
newdata__036_seoul_a_walking_city_how_should_we_respo__p04.jpg,newdata,"Seoul, a walking city, how should we respond to smombie",4.jpg,4
newdata__036_seoul_a_walking_city_how_should_we_respo__p05.jpg,newdata,"Seoul, a walking city, how should we respond to smombie",5.jpg,5
newdata__036_seoul_a_walking_city_how_should_we_respo__p06.jpg,newdata,"Seoul, a walking city, how should we respond to smombie",6.jpg,6
newdata__037_seouls_carbon_neutrality_in_2050_predict__p01.jpg,newdata,Seoul’s carbon neutrality in 2050 predicted using the ICE model,1.jpg,1
newdata__037_seouls_carbon_neutrality_in_2050_predict__p02.jpg,newdata,Seoul’s carbon neutrality in 2050 predicted using the ICE model,2.jpg,2
newdata__037_seouls_carbon_neutrality_in_2050_predict__p03.jpg,newdata,Seoul’s carbon neutrality in 2050 predicted using the ICE model,3.jpg,3
newdata__037_seouls_carbon_neutrality_in_2050_predict__p04.jpg,newdata,Seoul’s carbon neutrality in 2050 predicted using the ICE model,4.jpg,4
newdata__037_seouls_carbon_neutrality_in_2050_predict__p05.jpg,newdata,Seoul’s carbon neutrality in 2050 predicted using the ICE model,5.jpg,5
newdata__037_seouls_carbon_neutrality_in_2050_predict__p06.jpg,newdata,Seoul’s carbon neutrality in 2050 predicted using the ICE model,6.jpg,6
newdata__037_seouls_carbon_neutrality_in_2050_predict__p07.jpg,newdata,Seoul’s carbon neutrality in 2050 predicted using the ICE model,7.jpg,7
newdata__037_seouls_carbon_neutrality_in_2050_predict__p08.jpg,newdata,Seoul’s carbon neutrality in 2050 predicted using the ICE model,8.jpg,8
newdata__037_seouls_carbon_neutrality_in_2050_predict__p09.jpg,newdata,Seoul’s carbon neutrality in 2050 predicted using the ICE model,9.jpg,9
newdata__038_shall_we_learn_about_seoul_public_hanok__p01.jpg,newdata,Shall we learn about Seoul Public Hanok,1.jpg,1
newdata__038_shall_we_learn_about_seoul_public_hanok__p02.jpg,newdata,Shall we learn about Seoul Public Hanok,2.jpg,2
newdata__038_shall_we_learn_about_seoul_public_hanok__p03.jpg,newdata,Shall we learn about Seoul Public Hanok,3.jpg,3
newdata__038_shall_we_learn_about_seoul_public_hanok__p04.jpg,newdata,Shall we learn about Seoul Public Hanok,4.jpg,4
newdata__038_shall_we_learn_about_seoul_public_hanok__p05.jpg,newdata,Shall we learn about Seoul Public Hanok,5.jpg,5
newdata__038_shall_we_learn_about_seoul_public_hanok__p06.jpg,newdata,Shall we learn about Seoul Public Hanok,6.jpg,6
newdata__038_shall_we_learn_about_seoul_public_hanok__p07.jpg,newdata,Shall we learn about Seoul Public Hanok,7.jpg,7
newdata__038_shall_we_learn_about_seoul_public_hanok__p08.jpg,newdata,Shall we learn about Seoul Public Hanok,8.jpg,8
newdata__038_shall_we_learn_about_seoul_public_hanok__p09.jpg,newdata,Shall we learn about Seoul Public Hanok,9.jpg,9
newdata__039_should_we_add_rice_and_milk_to_our_hyper__p01.jpg,newdata,Should we add ‘rice’ and ‘milk’ to our hyperlipidemia diet Should I take it out (Eating habits according to chronic diseases),1.jpg,1
newdata__039_should_we_add_rice_and_milk_to_our_hyper__p02.jpg,newdata,Should we add ‘rice’ and ‘milk’ to our hyperlipidemia diet Should I take it out (Eating habits according to chronic diseases),2.jpg,2
newdata__039_should_we_add_rice_and_milk_to_our_hyper__p03.jpg,newdata,Should we add ‘rice’ and ‘milk’ to our hyperlipidemia diet Should I take it out (Eating habits according to chronic diseases),3.jpg,3
newdata__039_should_we_add_rice_and_milk_to_our_hyper__p04.jpg,newdata,Should we add ‘rice’ and ‘milk’ to our hyperlipidemia diet Should I take it out (Eating habits according to chronic diseases),4.jpg,4
newdata__039_should_we_add_rice_and_milk_to_our_hyper__p05.jpg,newdata,Should we add ‘rice’ and ‘milk’ to our hyperlipidemia diet Should I take it out (Eating habits according to chronic diseases),5.jpg,5
newdata__039_should_we_add_rice_and_milk_to_our_hyper__p06.jpg,newdata,Should we add ‘rice’ and ‘milk’ to our hyperlipidemia diet Should I take it out (Eating habits according to chronic diseases),6.jpg,6
newdata__039_should_we_add_rice_and_milk_to_our_hyper__p07.jpg,newdata,Should we add ‘rice’ and ‘milk’ to our hyperlipidemia diet Should I take it out (Eating habits according to chronic diseases),7.jpg,7
newdata__039_should_we_add_rice_and_milk_to_our_hyper__p08.jpg,newdata,Should we add ‘rice’ and ‘milk’ to our hyperlipidemia diet Should I take it out (Eating habits according to chronic diseases),8.jpg,8
newdata__039_should_we_add_rice_and_milk_to_our_hyper__p09.jpg,newdata,Should we add ‘rice’ and ‘milk’ to our hyperlipidemia diet Should I take it out (Eating habits according to chronic diseases),9.jpg,9
newdata__039_should_we_add_rice_and_milk_to_our_hyper__p10.jpg,newdata,Should we add ‘rice’ and ‘milk’ to our hyperlipidemia diet Should I take it out (Eating habits according to chronic diseases),10.jpg,10
newdata__040_smart_city_technologies_todays_game_chan__p01.jpg,newdata,Smart City Technologies – Today’s Game Changer (Smart city and related industries in Seoul),1.jpg,1
newdata__040_smart_city_technologies_todays_game_chan__p02.jpg,newdata,Smart City Technologies – Today’s Game Changer (Smart city and related industries in Seoul),2.jpg,2
newdata__040_smart_city_technologies_todays_game_chan__p03.jpg,newdata,Smart City Technologies – Today’s Game Changer (Smart city and related industries in Seoul),3.jpg,3
newdata__040_smart_city_technologies_todays_game_chan__p04.jpg,newdata,Smart City Technologies – Today’s Game Changer (Smart city and related industries in Seoul),4.jpg,4
newdata__040_smart_city_technologies_todays_game_chan__p05.jpg,newdata,Smart City Technologies – Today’s Game Changer (Smart city and related industries in Seoul),5.jpg,5
newdata__040_smart_city_technologies_todays_game_chan__p06.jpg,newdata,Smart City Technologies – Today’s Game Changer (Smart city and related industries in Seoul),6.jpg,6
newdata__040_smart_city_technologies_todays_game_chan__p07.jpg,newdata,Smart City Technologies – Today’s Game Changer (Smart city and related industries in Seoul),7.jpg,7
newdata__040_smart_city_technologies_todays_game_chan__p08.jpg,newdata,Smart City Technologies – Today’s Game Changer (Smart city and related industries in Seoul),8.jpg,8
newdata__040_smart_city_technologies_todays_game_chan__p09.jpg,newdata,Smart City Technologies – Today’s Game Changer (Smart city and related industries in Seoul),9.jpg,9
newdata__040_smart_city_technologies_todays_game_chan__p10.jpg,newdata,Smart City Technologies – Today’s Game Changer (Smart city and related industries in Seoul),10.jpg,10
newdata__041_so_that_the_seoul_youth_who_have_stopped__p01.jpg,newdata,So that the Seoul youth who have stopped can start again,1.jpg,1
newdata__041_so_that_the_seoul_youth_who_have_stopped__p02.jpg,newdata,So that the Seoul youth who have stopped can start again,2.jpg,2
newdata__041_so_that_the_seoul_youth_who_have_stopped__p03.jpg,newdata,So that the Seoul youth who have stopped can start again,3.jpg,3
newdata__041_so_that_the_seoul_youth_who_have_stopped__p04.jpg,newdata,So that the Seoul youth who have stopped can start again,4.jpg,4
newdata__041_so_that_the_seoul_youth_who_have_stopped__p05.jpg,newdata,So that the Seoul youth who have stopped can start again,5.jpg,5
newdata__041_so_that_the_seoul_youth_who_have_stopped__p06.jpg,newdata,So that the Seoul youth who have stopped can start again,6.jpg,6
newdata__041_so_that_the_seoul_youth_who_have_stopped__p07.jpg,newdata,So that the Seoul youth who have stopped can start again,7.jpg,7
newdata__041_so_that_the_seoul_youth_who_have_stopped__p08.jpg,newdata,So that the Seoul youth who have stopped can start again,8.jpg,8
newdata__041_so_that_the_seoul_youth_who_have_stopped__p09.jpg,newdata,So that the Seoul youth who have stopped can start again,9.jpg,9
newdata__042_the_projected_working_age_population_shr__p01.jpg,newdata,The Projected Working-Age Population Shrink in Seoul,1.jpg,1
newdata__042_the_projected_working_age_population_shr__p02.jpg,newdata,The Projected Working-Age Population Shrink in Seoul,2.jpg,2
newdata__042_the_projected_working_age_population_shr__p03.jpg,newdata,The Projected Working-Age Population Shrink in Seoul,3.jpg,3
newdata__042_the_projected_working_age_population_shr__p04.jpg,newdata,The Projected Working-Age Population Shrink in Seoul,4.jpg,4
newdata__042_the_projected_working_age_population_shr__p05.jpg,newdata,The Projected Working-Age Population Shrink in Seoul,5.jpg,5
newdata__042_the_projected_working_age_population_shr__p06.jpg,newdata,The Projected Working-Age Population Shrink in Seoul,6.jpg,6
newdata__042_the_projected_working_age_population_shr__p07.jpg,newdata,The Projected Working-Age Population Shrink in Seoul,7.jpg,7
newdata__042_the_projected_working_age_population_shr__p08.jpg,newdata,The Projected Working-Age Population Shrink in Seoul,8.jpg,8
newdata__043_the_deeper_we_go_the_more_tightly_we_des__p01.jpg,newdata,"The deeper we go, the more tightly we design the safety of underground Seoul",1.jpg,1
newdata__043_the_deeper_we_go_the_more_tightly_we_des__p02.jpg,newdata,"The deeper we go, the more tightly we design the safety of underground Seoul",2.jpg,2
newdata__043_the_deeper_we_go_the_more_tightly_we_des__p03.jpg,newdata,"The deeper we go, the more tightly we design the safety of underground Seoul",3.jpg,3
newdata__043_the_deeper_we_go_the_more_tightly_we_des__p04.jpg,newdata,"The deeper we go, the more tightly we design the safety of underground Seoul",4.jpg,4
newdata__043_the_deeper_we_go_the_more_tightly_we_des__p05.jpg,newdata,"The deeper we go, the more tightly we design the safety of underground Seoul",5.jpg,5
newdata__043_the_deeper_we_go_the_more_tightly_we_des__p06.jpg,newdata,"The deeper we go, the more tightly we design the safety of underground Seoul",6.jpg,6
newdata__044_the_era_of_social_justice_and_fairness__p01.jpg,newdata,The era of social justice and fairness,1.jpg,1
newdata__044_the_era_of_social_justice_and_fairness__p02.jpg,newdata,The era of social justice and fairness,2.jpg,2
newdata__044_the_era_of_social_justice_and_fairness__p03.jpg,newdata,The era of social justice and fairness,3.jpg,3
newdata__044_the_era_of_social_justice_and_fairness__p04.jpg,newdata,The era of social justice and fairness,4.jpg,4
newdata__044_the_era_of_social_justice_and_fairness__p05.jpg,newdata,The era of social justice and fairness,5.jpg,5
newdata__044_the_era_of_social_justice_and_fairness__p06.jpg,newdata,The era of social justice and fairness,6.jpg,6
newdata__044_the_era_of_social_justice_and_fairness__p07.jpg,newdata,The era of social justice and fairness,7.jpg,7
newdata__044_the_era_of_social_justice_and_fairness__p08.jpg,newdata,The era of social justice and fairness,8.jpg,8
newdata__044_the_era_of_social_justice_and_fairness__p09.jpg,newdata,The era of social justice and fairness,9.jpg,9
newdata__045_the_invisible_wall_of_seouls_sky_please___p01.jpg,newdata,"The invisible wall of Seoul’s sky, please protect the safety of birds",1.jpg,1
newdata__045_the_invisible_wall_of_seouls_sky_please___p02.jpg,newdata,"The invisible wall of Seoul’s sky, please protect the safety of birds",2.jpg,2
newdata__045_the_invisible_wall_of_seouls_sky_please___p03.jpg,newdata,"The invisible wall of Seoul’s sky, please protect the safety of birds",3.jpg,3
newdata__045_the_invisible_wall_of_seouls_sky_please___p04.jpg,newdata,"The invisible wall of Seoul’s sky, please protect the safety of birds",4.jpg,4
newdata__045_the_invisible_wall_of_seouls_sky_please___p05.jpg,newdata,"The invisible wall of Seoul’s sky, please protect the safety of birds",5.jpg,5
newdata__045_the_invisible_wall_of_seouls_sky_please___p06.jpg,newdata,"The invisible wall of Seoul’s sky, please protect the safety of birds",6.jpg,6
newdata__045_the_invisible_wall_of_seouls_sky_please___p07.jpg,newdata,"The invisible wall of Seoul’s sky, please protect the safety of birds",7.jpg,7
newdata__046_the_neighborhood_that_residents_want_the__p01.jpg,newdata,"The neighborhood that residents want, the rules must change",1.jpg,1
newdata__046_the_neighborhood_that_residents_want_the__p02.jpg,newdata,"The neighborhood that residents want, the rules must change",2.jpg,2
newdata__046_the_neighborhood_that_residents_want_the__p03.jpg,newdata,"The neighborhood that residents want, the rules must change",3.jpg,3
newdata__046_the_neighborhood_that_residents_want_the__p04.jpg,newdata,"The neighborhood that residents want, the rules must change",4.jpg,4
newdata__046_the_neighborhood_that_residents_want_the__p05.jpg,newdata,"The neighborhood that residents want, the rules must change",5.jpg,5
newdata__046_the_neighborhood_that_residents_want_the__p06.jpg,newdata,"The neighborhood that residents want, the rules must change",6.jpg,6
newdata__046_the_neighborhood_that_residents_want_the__p07.jpg,newdata,"The neighborhood that residents want, the rules must change",7.jpg,7
newdata__047_to_eat_or_not_to_eat_that_is_the_questio__p01.jpg,newdata,"To Eat or Not to Eat, That is the Question",1.jpg,1
newdata__047_to_eat_or_not_to_eat_that_is_the_questio__p02.jpg,newdata,"To Eat or Not to Eat, That is the Question",2.jpg,2
newdata__047_to_eat_or_not_to_eat_that_is_the_questio__p03.jpg,newdata,"To Eat or Not to Eat, That is the Question",3.jpg,3
newdata__047_to_eat_or_not_to_eat_that_is_the_questio__p04.jpg,newdata,"To Eat or Not to Eat, That is the Question",4.jpg,4
newdata__047_to_eat_or_not_to_eat_that_is_the_questio__p05.jpg,newdata,"To Eat or Not to Eat, That is the Question",5.jpg,5
newdata__047_to_eat_or_not_to_eat_that_is_the_questio__p06.jpg,newdata,"To Eat or Not to Eat, That is the Question",6.jpg,6
newdata__047_to_eat_or_not_to_eat_that_is_the_questio__p07.jpg,newdata,"To Eat or Not to Eat, That is the Question",7.jpg,7
newdata__047_to_eat_or_not_to_eat_that_is_the_questio__p08.jpg,newdata,"To Eat or Not to Eat, That is the Question",8.jpg,8
newdata__047_to_eat_or_not_to_eat_that_is_the_questio__p09.jpg,newdata,"To Eat or Not to Eat, That is the Question",9.jpg,9
newdata__047_to_eat_or_not_to_eat_that_is_the_questio__p10.jpg,newdata,"To Eat or Not to Eat, That is the Question",10.jpg,10
newdata__048_what_accounts_for_the_most_electricity_u__p01.jpg,newdata,What Accounts for the Most Electricity Use in Single-person Households in Seoul,1.jpg,1
newdata__048_what_accounts_for_the_most_electricity_u__p02.jpg,newdata,What Accounts for the Most Electricity Use in Single-person Households in Seoul,2.jpg,2
newdata__048_what_accounts_for_the_most_electricity_u__p03.jpg,newdata,What Accounts for the Most Electricity Use in Single-person Households in Seoul,3.jpg,3
newdata__048_what_accounts_for_the_most_electricity_u__p04.jpg,newdata,What Accounts for the Most Electricity Use in Single-person Households in Seoul,4.jpg,4
newdata__048_what_accounts_for_the_most_electricity_u__p05.jpg,newdata,What Accounts for the Most Electricity Use in Single-person Households in Seoul,5.jpg,5
newdata__048_what_accounts_for_the_most_electricity_u__p06.jpg,newdata,What Accounts for the Most Electricity Use in Single-person Households in Seoul,6.jpg,6
newdata__048_what_accounts_for_the_most_electricity_u__p07.jpg,newdata,What Accounts for the Most Electricity Use in Single-person Households in Seoul,7.jpg,7
newdata__048_what_accounts_for_the_most_electricity_u__p08.jpg,newdata,What Accounts for the Most Electricity Use in Single-person Households in Seoul,8.jpg,8
newdata__048_what_accounts_for_the_most_electricity_u__p09.jpg,newdata,What Accounts for the Most Electricity Use in Single-person Households in Seoul,9.jpg,9
newdata__048_what_accounts_for_the_most_electricity_u__p10.jpg,newdata,What Accounts for the Most Electricity Use in Single-person Households in Seoul,10.jpg,10
newdata__049_what_is_the_mental_health_of_seoul_citiz__p01.jpg,newdata,What is the mental health of Seoul citizens due to the prolonged COVID-19 pandemic,1.jpg,1
newdata__049_what_is_the_mental_health_of_seoul_citiz__p02.jpg,newdata,What is the mental health of Seoul citizens due to the prolonged COVID-19 pandemic,2.jpg,2
newdata__049_what_is_the_mental_health_of_seoul_citiz__p03.jpg,newdata,What is the mental health of Seoul citizens due to the prolonged COVID-19 pandemic,3.jpg,3
newdata__049_what_is_the_mental_health_of_seoul_citiz__p04.jpg,newdata,What is the mental health of Seoul citizens due to the prolonged COVID-19 pandemic,4.jpg,4
newdata__049_what_is_the_mental_health_of_seoul_citiz__p05.jpg,newdata,What is the mental health of Seoul citizens due to the prolonged COVID-19 pandemic,5.jpg,5
newdata__049_what_is_the_mental_health_of_seoul_citiz__p06.jpg,newdata,What is the mental health of Seoul citizens due to the prolonged COVID-19 pandemic,6.jpg,6
newdata__049_what_is_the_mental_health_of_seoul_citiz__p07.jpg,newdata,What is the mental health of Seoul citizens due to the prolonged COVID-19 pandemic,7.jpg,7
newdata__049_what_is_the_mental_health_of_seoul_citiz__p08.jpg,newdata,What is the mental health of Seoul citizens due to the prolonged COVID-19 pandemic,8.jpg,8
newdata__049_what_is_the_mental_health_of_seoul_citiz__p09.jpg,newdata,What is the mental health of Seoul citizens due to the prolonged COVID-19 pandemic,9.jpg,9
newdata__049_what_is_the_mental_health_of_seoul_citiz__p10.jpg,newdata,What is the mental health of Seoul citizens due to the prolonged COVID-19 pandemic,10.jpg,10
newdata__050_where_does_a_single_person_household_use__p01.jpg,newdata,Where does a single-person household use the most energy,1.jpg,1
newdata__050_where_does_a_single_person_household_use__p02.jpg,newdata,Where does a single-person household use the most energy,2.jpg,2
newdata__050_where_does_a_single_person_household_use__p03.jpg,newdata,Where does a single-person household use the most energy,3.jpg,3
newdata__050_where_does_a_single_person_household_use__p04.jpg,newdata,Where does a single-person household use the most energy,4.jpg,4
newdata__050_where_does_a_single_person_household_use__p05.jpg,newdata,Where does a single-person household use the most energy,5.jpg,5
newdata__050_where_does_a_single_person_household_use__p06.jpg,newdata,Where does a single-person household use the most energy,6.jpg,6
newdata__050_where_does_a_single_person_household_use__p07.jpg,newdata,Where does a single-person household use the most energy,7.jpg,7
newdata__050_where_does_a_single_person_household_use__p08.jpg,newdata,Where does a single-person household use the most energy,8.jpg,8
newdata__050_where_does_a_single_person_household_use__p09.jpg,newdata,Where does a single-person household use the most energy,9.jpg,9
newdata__050_where_does_a_single_person_household_use__p10.jpg,newdata,Where does a single-person household use the most energy,10.jpg,10
newdata__051_why_are_you_looking_for_a_shared_office__p01.jpg,newdata,Why are you looking for a ‘shared office’,1.jpg,1
newdata__051_why_are_you_looking_for_a_shared_office__p02.jpg,newdata,Why are you looking for a ‘shared office’,2.jpg,2
newdata__051_why_are_you_looking_for_a_shared_office__p03.jpg,newdata,Why are you looking for a ‘shared office’,3.jpg,3
newdata__051_why_are_you_looking_for_a_shared_office__p04.jpg,newdata,Why are you looking for a ‘shared office’,4.jpg,4
newdata__051_why_are_you_looking_for_a_shared_office__p05.jpg,newdata,Why are you looking for a ‘shared office’,5.jpg,5
newdata__051_why_are_you_looking_for_a_shared_office__p06.jpg,newdata,Why are you looking for a ‘shared office’,6.jpg,6
newdata__051_why_are_you_looking_for_a_shared_office__p07.jpg,newdata,Why are you looking for a ‘shared office’,7.jpg,7
newdata__051_why_are_you_looking_for_a_shared_office__p08.jpg,newdata,Why are you looking for a ‘shared office’,8.jpg,8
newdata__051_why_are_you_looking_for_a_shared_office__p09.jpg,newdata,Why are you looking for a ‘shared office’,9.jpg,9
newdata__051_why_are_you_looking_for_a_shared_office__p10.jpg,newdata,Why are you looking for a ‘shared office’,10.jpg,10
newdata__051_why_are_you_looking_for_a_shared_office__p11.jpg,newdata,Why are you looking for a ‘shared office’,11.jpg,11
newdata__051_why_are_you_looking_for_a_shared_office__p12.jpg,newdata,Why are you looking for a ‘shared office’,12.jpg,12
newdata__051_why_are_you_looking_for_a_shared_office__p13.jpg,newdata,Why are you looking for a ‘shared office’,13.jpg,13
newdata__051_why_are_you_looking_for_a_shared_office__p14.jpg,newdata,Why are you looking for a ‘shared office’,14.jpg,14
newdata__052_card_news_no_25_seoul_research_institute__p01.jpg,newdata,[Card News No. 25] Seoul Research Institute 30th Anniversary Series ④ 30 Years of Safety and Environment Research “Making Seoul Safer and More Comfortable”,1.jpg,1
newdata__052_card_news_no_25_seoul_research_institute__p02.jpg,newdata,[Card News No. 25] Seoul Research Institute 30th Anniversary Series ④ 30 Years of Safety and Environment Research “Making Seoul Safer and More Comfortable”,2.jpg,2
newdata__052_card_news_no_25_seoul_research_institute__p03.jpg,newdata,[Card News No. 25] Seoul Research Institute 30th Anniversary Series ④ 30 Years of Safety and Environment Research “Making Seoul Safer and More Comfortable”,3.jpg,3
newdata__052_card_news_no_25_seoul_research_institute__p04.jpg,newdata,[Card News No. 25] Seoul Research Institute 30th Anniversary Series ④ 30 Years of Safety and Environment Research “Making Seoul Safer and More Comfortable”,4.jpg,4
newdata__052_card_news_no_25_seoul_research_institute__p05.jpg,newdata,[Card News No. 25] Seoul Research Institute 30th Anniversary Series ④ 30 Years of Safety and Environment Research “Making Seoul Safer and More Comfortable”,5.jpg,5
newdata__052_card_news_no_25_seoul_research_institute__p06.jpg,newdata,[Card News No. 25] Seoul Research Institute 30th Anniversary Series ④ 30 Years of Safety and Environment Research “Making Seoul Safer and More Comfortable”,6.jpg,6
newdata__052_card_news_no_25_seoul_research_institute__p07.jpg,newdata,[Card News No. 25] Seoul Research Institute 30th Anniversary Series ④ 30 Years of Safety and Environment Research “Making Seoul Safer and More Comfortable”,7.jpg,7
newdata__052_card_news_no_25_seoul_research_institute__p08.jpg,newdata,[Card News No. 25] Seoul Research Institute 30th Anniversary Series ④ 30 Years of Safety and Environment Research “Making Seoul Safer and More Comfortable”,8.jpg,8
newdata__052_card_news_no_25_seoul_research_institute__p09.jpg,newdata,[Card News No. 25] Seoul Research Institute 30th Anniversary Series ④ 30 Years of Safety and Environment Research “Making Seoul Safer and More Comfortable”,9.jpg,9
newdata__052_card_news_no_25_seoul_research_institute__p10.jpg,newdata,[Card News No. 25] Seoul Research Institute 30th Anniversary Series ④ 30 Years of Safety and Environment Research “Making Seoul Safer and More Comfortable”,10.jpg,10
newdata__053_card_news_no_26_seoul_research_institute__p01.jpg,newdata,[Card News No. 26] Seoul Research Institute 30th Anniversary Series ⑤ 30 years of transportation research “Seoul public transportation becomes more convenient the more you use it”,1.jpg,1
newdata__053_card_news_no_26_seoul_research_institute__p02.jpg,newdata,[Card News No. 26] Seoul Research Institute 30th Anniversary Series ⑤ 30 years of transportation research “Seoul public transportation becomes more convenient the more you use it”,2.jpg,2
newdata__053_card_news_no_26_seoul_research_institute__p03.jpg,newdata,[Card News No. 26] Seoul Research Institute 30th Anniversary Series ⑤ 30 years of transportation research “Seoul public transportation becomes more convenient the more you use it”,3.jpg,3
newdata__053_card_news_no_26_seoul_research_institute__p04.jpg,newdata,[Card News No. 26] Seoul Research Institute 30th Anniversary Series ⑤ 30 years of transportation research “Seoul public transportation becomes more convenient the more you use it”,4.jpg,4
newdata__053_card_news_no_26_seoul_research_institute__p05.jpg,newdata,[Card News No. 26] Seoul Research Institute 30th Anniversary Series ⑤ 30 years of transportation research “Seoul public transportation becomes more convenient the more you use it”,5.jpg,5
newdata__053_card_news_no_26_seoul_research_institute__p06.jpg,newdata,[Card News No. 26] Seoul Research Institute 30th Anniversary Series ⑤ 30 years of transportation research “Seoul public transportation becomes more convenient the more you use it”,6.jpg,6
newdata__053_card_news_no_26_seoul_research_institute__p07.jpg,newdata,[Card News No. 26] Seoul Research Institute 30th Anniversary Series ⑤ 30 years of transportation research “Seoul public transportation becomes more convenient the more you use it”,7.jpg,7
newdata__053_card_news_no_26_seoul_research_institute__p08.jpg,newdata,[Card News No. 26] Seoul Research Institute 30th Anniversary Series ⑤ 30 years of transportation research “Seoul public transportation becomes more convenient the more you use it”,8.jpg,8
newdata__053_card_news_no_26_seoul_research_institute__p09.jpg,newdata,[Card News No. 26] Seoul Research Institute 30th Anniversary Series ⑤ 30 years of transportation research “Seoul public transportation becomes more convenient the more you use it”,9.jpg,9
newdata__053_card_news_no_26_seoul_research_institute__p10.jpg,newdata,[Card News No. 26] Seoul Research Institute 30th Anniversary Series ⑤ 30 years of transportation research “Seoul public transportation becomes more convenient the more you use it”,10.jpg,10
newdata__054_card_news_no_27_seoul_research_institute__p01.jpg,newdata,[Card News No. 27] Seoul Research Institute 30th Anniversary Planning Series ⑥ 30 Years of Urban Planning and Regeneration Research “Designing Seoul’s Urban Space”,1.jpg,1
newdata__054_card_news_no_27_seoul_research_institute__p02.jpg,newdata,[Card News No. 27] Seoul Research Institute 30th Anniversary Planning Series ⑥ 30 Years of Urban Planning and Regeneration Research “Designing Seoul’s Urban Space”,2.jpg,2
newdata__054_card_news_no_27_seoul_research_institute__p03.jpg,newdata,[Card News No. 27] Seoul Research Institute 30th Anniversary Planning Series ⑥ 30 Years of Urban Planning and Regeneration Research “Designing Seoul’s Urban Space”,3.jpg,3
newdata__054_card_news_no_27_seoul_research_institute__p04.jpg,newdata,[Card News No. 27] Seoul Research Institute 30th Anniversary Planning Series ⑥ 30 Years of Urban Planning and Regeneration Research “Designing Seoul’s Urban Space”,4.jpg,4
newdata__054_card_news_no_27_seoul_research_institute__p05.jpg,newdata,[Card News No. 27] Seoul Research Institute 30th Anniversary Planning Series ⑥ 30 Years of Urban Planning and Regeneration Research “Designing Seoul’s Urban Space”,5.jpg,5
newdata__054_card_news_no_27_seoul_research_institute__p06.jpg,newdata,[Card News No. 27] Seoul Research Institute 30th Anniversary Planning Series ⑥ 30 Years of Urban Planning and Regeneration Research “Designing Seoul’s Urban Space”,6.jpg,6
newdata__054_card_news_no_27_seoul_research_institute__p07.jpg,newdata,[Card News No. 27] Seoul Research Institute 30th Anniversary Planning Series ⑥ 30 Years of Urban Planning and Regeneration Research “Designing Seoul’s Urban Space”,7.jpg,7
newdata__054_card_news_no_27_seoul_research_institute__p08.jpg,newdata,[Card News No. 27] Seoul Research Institute 30th Anniversary Planning Series ⑥ 30 Years of Urban Planning and Regeneration Research “Designing Seoul’s Urban Space”,8.jpg,8
newdata__054_card_news_no_27_seoul_research_institute__p09.jpg,newdata,[Card News No. 27] Seoul Research Institute 30th Anniversary Planning Series ⑥ 30 Years of Urban Planning and Regeneration Research “Designing Seoul’s Urban Space”,9.jpg,9
newdata__054_card_news_no_27_seoul_research_institute__p10.jpg,newdata,[Card News No. 27] Seoul Research Institute 30th Anniversary Planning Series ⑥ 30 Years of Urban Planning and Regeneration Research “Designing Seoul’s Urban Space”,10.jpg,10
newdata__055_card_news_no_28_seoul_research_institute__p01.jpg,newdata,[Card News No. 28] Seoul Research Institute 30th Anniversary Special Series ⑦ 30 years of housing research “Citizens’ housing stability and quality improvement”,1.jpg,1
newdata__055_card_news_no_28_seoul_research_institute__p02.jpg,newdata,[Card News No. 28] Seoul Research Institute 30th Anniversary Special Series ⑦ 30 years of housing research “Citizens’ housing stability and quality improvement”,2.jpg,2
newdata__055_card_news_no_28_seoul_research_institute__p03.jpg,newdata,[Card News No. 28] Seoul Research Institute 30th Anniversary Special Series ⑦ 30 years of housing research “Citizens’ housing stability and quality improvement”,3.jpg,3
newdata__055_card_news_no_28_seoul_research_institute__p04.jpg,newdata,[Card News No. 28] Seoul Research Institute 30th Anniversary Special Series ⑦ 30 years of housing research “Citizens’ housing stability and quality improvement”,4.jpg,4
newdata__055_card_news_no_28_seoul_research_institute__p05.jpg,newdata,[Card News No. 28] Seoul Research Institute 30th Anniversary Special Series ⑦ 30 years of housing research “Citizens’ housing stability and quality improvement”,5.jpg,5
newdata__055_card_news_no_28_seoul_research_institute__p06.jpg,newdata,[Card News No. 28] Seoul Research Institute 30th Anniversary Special Series ⑦ 30 years of housing research “Citizens’ housing stability and quality improvement”,6.jpg,6
newdata__055_card_news_no_28_seoul_research_institute__p07.jpg,newdata,[Card News No. 28] Seoul Research Institute 30th Anniversary Special Series ⑦ 30 years of housing research “Citizens’ housing stability and quality improvement”,7.jpg,7
newdata__055_card_news_no_28_seoul_research_institute__p08.jpg,newdata,[Card News No. 28] Seoul Research Institute 30th Anniversary Special Series ⑦ 30 years of housing research “Citizens’ housing stability and quality improvement”,8.jpg,8
newdata__055_card_news_no_28_seoul_research_institute__p09.jpg,newdata,[Card News No. 28] Seoul Research Institute 30th Anniversary Special Series ⑦ 30 years of housing research “Citizens’ housing stability and quality improvement”,9.jpg,9
newdata__055_card_news_no_28_seoul_research_institute__p10.jpg,newdata,[Card News No. 28] Seoul Research Institute 30th Anniversary Special Series ⑦ 30 years of housing research “Citizens’ housing stability and quality improvement”,10.jpg,10
newdata_smartfarmkorea__056_2_employment_insurance_for_self_employed__p01.jpg,newdata_smartfarmkorea,2. [Employment Insurance for Self-Employed] Card News - Final,1.jpg,1
newdata_smartfarmkorea__056_2_employment_insurance_for_self_employed__p02.jpg,newdata_smartfarmkorea,2. [Employment Insurance for Self-Employed] Card News - Final,2.jpg,2
newdata_smartfarmkorea__056_2_employment_insurance_for_self_employed__p03.jpg,newdata_smartfarmkorea,2. [Employment Insurance for Self-Employed] Card News - Final,3.jpg,3
newdata_smartfarmkorea__056_2_employment_insurance_for_self_employed__p04.jpg,newdata_smartfarmkorea,2. [Employment Insurance for Self-Employed] Card News - Final,4.jpg,4
newdata_smartfarmkorea__056_2_employment_insurance_for_self_employed__p05.jpg,newdata_smartfarmkorea,2. [Employment Insurance for Self-Employed] Card News - Final,5.jpg,5
newdata_smartfarmkorea__056_2_employment_insurance_for_self_employed__p06.jpg,newdata_smartfarmkorea,2. [Employment Insurance for Self-Employed] Card News - Final,6.jpg,6
newdata_smartfarmkorea__057_2023_card_news_on_the_ict_convergence_di__p01.jpg,newdata_smartfarmkorea,2023 Card News on the ICT Convergence Diffusion Project in the Livestock Sector,2023년 축산분야 ICT융복합 확산사업 카드뉴스 1.jpg,1
newdata_smartfarmkorea__057_2023_card_news_on_the_ict_convergence_di__p02.jpg,newdata_smartfarmkorea,2023 Card News on the ICT Convergence Diffusion Project in the Livestock Sector,2023년 축산분야 ICT융복합 확산사업 카드뉴스 2.jpg,2
newdata_smartfarmkorea__057_2023_card_news_on_the_ict_convergence_di__p03.jpg,newdata_smartfarmkorea,2023 Card News on the ICT Convergence Diffusion Project in the Livestock Sector,2023년 축산분야 ICT융복합 확산사업 카드뉴스 3.jpg,3
newdata_smartfarmkorea__057_2023_card_news_on_the_ict_convergence_di__p04.jpg,newdata_smartfarmkorea,2023 Card News on the ICT Convergence Diffusion Project in the Livestock Sector,2023년 축산분야 ICT융복합 확산사업 카드뉴스 4.jpg,4
newdata_smartfarmkorea__057_2023_card_news_on_the_ict_convergence_di__p05.jpg,newdata_smartfarmkorea,2023 Card News on the ICT Convergence Diffusion Project in the Livestock Sector,2023년 축산분야 ICT융복합 확산사업 카드뉴스 5.jpg,5
newdata_smartfarmkorea__057_2023_card_news_on_the_ict_convergence_di__p06.jpg,newdata_smartfarmkorea,2023 Card News on the ICT Convergence Diffusion Project in the Livestock Sector,2023년 축산분야 ICT융복합 확산사업 카드뉴스 6.jpg,6
newdata_smartfarmkorea__057_2023_card_news_on_the_ict_convergence_di__p07.jpg,newdata_smartfarmkorea,2023 Card News on the ICT Convergence Diffusion Project in the Livestock Sector,2023년 축산분야 ICT융복합 확산사업 카드뉴스 7.jpg,7
newdata_smartfarmkorea__058_agricultural_education_newsletter_nong_e__p01.jpg,newdata_smartfarmkorea,Agricultural Education Newsletter 'Nong-e Gung-mu' Issue 20 Published,00.jpg,1
newdata_smartfarmkorea__058_agricultural_education_newsletter_nong_e__p02.jpg,newdata_smartfarmkorea,Agricultural Education Newsletter 'Nong-e Gung-mu' Issue 20 Published,01.jpg,2
newdata_smartfarmkorea__058_agricultural_education_newsletter_nong_e__p03.jpg,newdata_smartfarmkorea,Agricultural Education Newsletter 'Nong-e Gung-mu' Issue 20 Published,02.jpg,3
newdata_smartfarmkorea__058_agricultural_education_newsletter_nong_e__p04.jpg,newdata_smartfarmkorea,Agricultural Education Newsletter 'Nong-e Gung-mu' Issue 20 Published,03.jpg,4
newdata_smartfarmkorea__058_agricultural_education_newsletter_nong_e__p05.jpg,newdata_smartfarmkorea,Agricultural Education Newsletter 'Nong-e Gung-mu' Issue 20 Published,04.jpg,5
newdata_smartfarmkorea__058_agricultural_education_newsletter_nong_e__p06.jpg,newdata_smartfarmkorea,Agricultural Education Newsletter 'Nong-e Gung-mu' Issue 20 Published,05.jpg,6
newdata_smartfarmkorea__058_agricultural_education_newsletter_nong_e__p07.jpg,newdata_smartfarmkorea,Agricultural Education Newsletter 'Nong-e Gung-mu' Issue 20 Published,06.jpg,7
newdata_smartfarmkorea__058_agricultural_education_newsletter_nong_e__p08.jpg,newdata_smartfarmkorea,Agricultural Education Newsletter 'Nong-e Gung-mu' Issue 20 Published,07.jpg,8
newdata_smartfarmkorea__058_agricultural_education_newsletter_nong_e__p09.jpg,newdata_smartfarmkorea,Agricultural Education Newsletter 'Nong-e Gung-mu' Issue 20 Published,08.jpg,9
newdata_smartfarmkorea__058_agricultural_education_newsletter_nong_e__p10.jpg,newdata_smartfarmkorea,Agricultural Education Newsletter 'Nong-e Gung-mu' Issue 20 Published,09.jpg,10
newdata_smartfarmkorea__059_card_news_recruitment_of_young_farmers_f__p01.jpg,newdata_smartfarmkorea,Card News Recruitment of Young Farmers for the 2023 Agricultural Startup Complex,07.14_농어촌공사_입주청년모집_카드뉴스_시안.jpg,1
newdata_smartfarmkorea__059_card_news_recruitment_of_young_farmers_f__p02.jpg,newdata_smartfarmkorea,Card News Recruitment of Young Farmers for the 2023 Agricultural Startup Complex,07.14_농어촌공사_입주청년모집_카드뉴스_시안2.jpg,2
newdata_smartfarmkorea__059_card_news_recruitment_of_young_farmers_f__p03.jpg,newdata_smartfarmkorea,Card News Recruitment of Young Farmers for the 2023 Agricultural Startup Complex,07.14_농어촌공사_입주청년모집_카드뉴스_시안3.jpg,3
newdata_smartfarmkorea__059_card_news_recruitment_of_young_farmers_f__p04.jpg,newdata_smartfarmkorea,Card News Recruitment of Young Farmers for the 2023 Agricultural Startup Complex,07.14_농어촌공사_입주청년모집_카드뉴스_시안4.jpg,4
newdata_smartfarmkorea__059_card_news_recruitment_of_young_farmers_f__p05.jpg,newdata_smartfarmkorea,Card News Recruitment of Young Farmers for the 2023 Agricultural Startup Complex,07.14_농어촌공사_입주청년모집_카드뉴스_시안5.jpg,5
newdata_smartfarmkorea__059_card_news_recruitment_of_young_farmers_f__p06.jpg,newdata_smartfarmkorea,Card News Recruitment of Young Farmers for the 2023 Agricultural Startup Complex,07.14_농어촌공사_입주청년모집_카드뉴스_시안6.jpg,6
newdata_smartfarmkorea__059_card_news_recruitment_of_young_farmers_f__p07.jpg,newdata_smartfarmkorea,Card News Recruitment of Young Farmers for the 2023 Agricultural Startup Complex,07.14_농어촌공사_입주청년모집_카드뉴스_시안7.jpg,7
newdata_smartfarmkorea__059_card_news_recruitment_of_young_farmers_f__p08.jpg,newdata_smartfarmkorea,Card News Recruitment of Young Farmers for the 2023 Agricultural Startup Complex,07.14_농어촌공사_입주청년모집_카드뉴스_시안8.jpg,8
newdata_smartfarmkorea__060_card_news_on_energy_saving_technologies___p01.jpg,newdata_smartfarmkorea,Card News on Energy Saving Technologies and Practical Measures for Horticultural Facilities,1.png,1
newdata_smartfarmkorea__060_card_news_on_energy_saving_technologies___p02.jpg,newdata_smartfarmkorea,Card News on Energy Saving Technologies and Practical Measures for Horticultural Facilities,2.png,2
newdata_smartfarmkorea__060_card_news_on_energy_saving_technologies___p03.jpg,newdata_smartfarmkorea,Card News on Energy Saving Technologies and Practical Measures for Horticultural Facilities,3.png,3
newdata_smartfarmkorea__060_card_news_on_energy_saving_technologies___p04.jpg,newdata_smartfarmkorea,Card News on Energy Saving Technologies and Practical Measures for Horticultural Facilities,4.png,4
newdata_smartfarmkorea__060_card_news_on_energy_saving_technologies___p05.jpg,newdata_smartfarmkorea,Card News on Energy Saving Technologies and Practical Measures for Horticultural Facilities,5.png,5
newdata_smartfarmkorea__060_card_news_on_energy_saving_technologies___p06.jpg,newdata_smartfarmkorea,Card News on Energy Saving Technologies and Practical Measures for Horticultural Facilities,6.png,6
newdata_smartfarmkorea__061_card_news_tomato_education__p01.jpg,newdata_smartfarmkorea,Card News_Tomato Education,1페이지.jpg,1
newdata_smartfarmkorea__061_card_news_tomato_education__p02.jpg,newdata_smartfarmkorea,Card News_Tomato Education,2페이지.jpg,2
newdata_smartfarmkorea__061_card_news_tomato_education__p03.jpg,newdata_smartfarmkorea,Card News_Tomato Education,3페이지.jpg,3
newdata_smartfarmkorea__061_card_news_tomato_education__p04.jpg,newdata_smartfarmkorea,Card News_Tomato Education,4페이지.jpg,4
newdata_smartfarmkorea__061_card_news_tomato_education__p05.jpg,newdata_smartfarmkorea,Card News_Tomato Education,5페이지.jpg,5
newdata_smartfarmkorea__061_card_news_tomato_education__p06.jpg,newdata_smartfarmkorea,Card News_Tomato Education,6페이지.jpg,6
newdata_smartfarmkorea__061_card_news_tomato_education__p07.jpg,newdata_smartfarmkorea,Card News_Tomato Education,7페이지.jpg,7
newdata_smartfarmkorea__062_ict_youth_practical_training_specialist___p01.jpg,newdata_smartfarmkorea,ICT Youth Practical Training Specialist Professor,ICT청년실습 전문교수_1(수정).png,1
newdata_smartfarmkorea__062_ict_youth_practical_training_specialist___p02.jpg,newdata_smartfarmkorea,ICT Youth Practical Training Specialist Professor,ICT청년실습 전문교수_2(수정).png,2
newdata_smartfarmkorea__062_ict_youth_practical_training_specialist___p03.jpg,newdata_smartfarmkorea,ICT Youth Practical Training Specialist Professor,ICT청년실습 전문교수_3.png,3
newdata_smartfarmkorea__062_ict_youth_practical_training_specialist___p04.jpg,newdata_smartfarmkorea,ICT Youth Practical Training Specialist Professor,ICT청년실습 전문교수_4.png,4
newdata_smartfarmkorea__062_ict_youth_practical_training_specialist___p05.jpg,newdata_smartfarmkorea,ICT Youth Practical Training Specialist Professor,ICT청년실습 전문교수_5(수정).png,5
newdata_smartfarmkorea__062_ict_youth_practical_training_specialist___p06.jpg,newdata_smartfarmkorea,ICT Youth Practical Training Specialist Professor,ICT청년실습 전문교수_6(수정2).png,6
newdata_smartfarmkorea__062_ict_youth_practical_training_specialist___p07.jpg,newdata_smartfarmkorea,ICT Youth Practical Training Specialist Professor,ICT청년실습 전문교수_7(수정).png,7
newdata_smartfarmkorea__063_opening_of_sunong_special_lecture_channe__p01.jpg,newdata_smartfarmkorea,Opening of Sunong Special Lecture Channel,01.jpg,1
newdata_smartfarmkorea__063_opening_of_sunong_special_lecture_channe__p02.jpg,newdata_smartfarmkorea,Opening of Sunong Special Lecture Channel,02.jpg,2
newdata_smartfarmkorea__063_opening_of_sunong_special_lecture_channe__p03.jpg,newdata_smartfarmkorea,Opening of Sunong Special Lecture Channel,03.jpg,3
newdata_smartfarmkorea__063_opening_of_sunong_special_lecture_channe__p04.jpg,newdata_smartfarmkorea,Opening of Sunong Special Lecture Channel,04.jpg,4
newdata_smartfarmkorea__063_opening_of_sunong_special_lecture_channe__p05.jpg,newdata_smartfarmkorea,Opening of Sunong Special Lecture Channel,05.jpg,5
newdata_smartfarmkorea__063_opening_of_sunong_special_lecture_channe__p06.jpg,newdata_smartfarmkorea,Opening of Sunong Special Lecture Channel,06.jpg,6
newdata_smartfarmkorea__063_opening_of_sunong_special_lecture_channe__p07.jpg,newdata_smartfarmkorea,Opening of Sunong Special Lecture Channel,07.jpg,7
newdata_smartfarmkorea__063_opening_of_sunong_special_lecture_channe__p08.jpg,newdata_smartfarmkorea,Opening of Sunong Special Lecture Channel,08.jpg,8
newdata_smartfarmkorea__064_smart_farm_promotion_big_mama_card_news___p01.jpg,newdata_smartfarmkorea,Smart Farm Promotion Big Mama Card News 0209,[베티카]스마트팜_프로모션_빅마마 카드뉴스_1.PNG,1
newdata_smartfarmkorea__064_smart_farm_promotion_big_mama_card_news___p02.jpg,newdata_smartfarmkorea,Smart Farm Promotion Big Mama Card News 0209,[베티카]스마트팜_프로모션_빅마마 카드뉴스_2.png,2
newdata_smartfarmkorea__064_smart_farm_promotion_big_mama_card_news___p03.jpg,newdata_smartfarmkorea,Smart Farm Promotion Big Mama Card News 0209,[베티카]스마트팜_프로모션_빅마마 카드뉴스_3.png,3
newdata_smartfarmkorea__064_smart_farm_promotion_big_mama_card_news___p04.jpg,newdata_smartfarmkorea,Smart Farm Promotion Big Mama Card News 0209,[베티카]스마트팜_프로모션_빅마마 카드뉴스_4.png,4
newdata_smartfarmkorea__064_smart_farm_promotion_big_mama_card_news___p05.jpg,newdata_smartfarmkorea,Smart Farm Promotion Big Mama Card News 0209,[베티카]스마트팜_프로모션_빅마마 카드뉴스_5.png,5
newdata_smartfarmkorea__064_smart_farm_promotion_big_mama_card_news___p06.jpg,newdata_smartfarmkorea,Smart Farm Promotion Big Mama Card News 0209,[베티카]스마트팜_프로모션_빅마마 카드뉴스_6.png,6
newdata_smartfarmkorea__064_smart_farm_promotion_big_mama_card_news___p07.jpg,newdata_smartfarmkorea,Smart Farm Promotion Big Mama Card News 0209,[베티카]스마트팜_프로모션_빅마마 카드뉴스_7.png,7
newdata_smartfarmkorea__064_smart_farm_promotion_big_mama_card_news___p08.jpg,newdata_smartfarmkorea,Smart Farm Promotion Big Mama Card News 0209,[베티카]스마트팜_프로모션_빅마마 카드뉴스_8.PNG,8
newdata_smartfarmkorea__064_smart_farm_promotion_big_mama_card_news___p09.jpg,newdata_smartfarmkorea,Smart Farm Promotion Big Mama Card News 0209,[베티카]스마트팜_프로모션_빅마마 카드뉴스_9.PNG,9
newdata_smartfarmkorea__065_agricultural_policy_institute_workman_ca__p01.jpg,newdata_smartfarmkorea,[Agricultural Policy Institute] Workman Card News Final_0125,1.png,1
newdata_smartfarmkorea__065_agricultural_policy_institute_workman_ca__p02.jpg,newdata_smartfarmkorea,[Agricultural Policy Institute] Workman Card News Final_0125,2.png,2
newdata_smartfarmkorea__065_agricultural_policy_institute_workman_ca__p03.jpg,newdata_smartfarmkorea,[Agricultural Policy Institute] Workman Card News Final_0125,3.png,3
newdata_smartfarmkorea__065_agricultural_policy_institute_workman_ca__p04.jpg,newdata_smartfarmkorea,[Agricultural Policy Institute] Workman Card News Final_0125,4.png,4
newdata_smartfarmkorea__065_agricultural_policy_institute_workman_ca__p05.jpg,newdata_smartfarmkorea,[Agricultural Policy Institute] Workman Card News Final_0125,5.png,5
newdata_smartfarmkorea__065_agricultural_policy_institute_workman_ca__p06.jpg,newdata_smartfarmkorea,[Agricultural Policy Institute] Workman Card News Final_0125,6.png,6
newdata_smartfarmkorea__065_agricultural_policy_institute_workman_ca__p07.jpg,newdata_smartfarmkorea,[Agricultural Policy Institute] Workman Card News Final_0125,7.png,7
